arch,dtype,state_dtype,b,sq,num_k_heads,num_v_heads,head_k_dim,head_v_dim,NUM_BLOCKS_PER_V_DIM,NUM_WARPS,WARP_THREADS_K,duration
gfx950,torch.bfloat16,torch.bfloat16,1,1,2,8,128,128,8,4,16,4.398999999999887
gfx950,torch.bfloat16,torch.bfloat16,2,1,2,8,128,128,8,4,16,4.579000000000065
gfx950,torch.bfloat16,torch.bfloat16,3,1,2,8,128,128,8,4,16,4.638999999999953
gfx950,torch.bfloat16,torch.bfloat16,4,1,2,8,128,128,8,4,16,4.719000000000051
gfx950,torch.bfloat16,torch.bfloat16,5,1,2,8,128,128,8,4,16,4.95900000000006
gfx950,torch.bfloat16,torch.bfloat16,6,1,2,8,128,128,8,4,16,5.119000000000142
gfx950,torch.bfloat16,torch.bfloat16,7,1,2,8,128,128,8,4,16,5.239000000000033
gfx950,torch.bfloat16,torch.bfloat16,8,1,2,8,128,128,8,4,16,5.399000000000001
gfx950,torch.bfloat16,torch.bfloat16,9,1,2,8,128,128,8,4,16,5.679000000000087
gfx950,torch.bfloat16,torch.bfloat16,10,1,2,8,128,128,8,4,16,5.838999999999942
gfx950,torch.bfloat16,torch.bfloat16,11,1,2,8,128,128,8,4,16,5.899499999999989
gfx950,torch.bfloat16,torch.bfloat16,12,1,2,8,128,128,8,4,16,5.939499999999953
gfx950,torch.bfloat16,torch.bfloat16,13,1,2,8,128,128,8,4,16,6.198999999999899
gfx950,torch.bfloat16,torch.bfloat16,14,1,2,8,128,128,8,4,16,6.278999999999996
gfx950,torch.bfloat16,torch.bfloat16,15,1,2,8,128,128,8,4,16,6.419000000000096
gfx950,torch.bfloat16,torch.bfloat16,16,1,2,8,128,128,8,4,16,6.5190000000000055
gfx950,torch.bfloat16,torch.bfloat16,17,1,2,8,128,128,8,4,16,6.81899999999996
gfx950,torch.bfloat16,torch.bfloat16,18,1,2,8,128,128,8,4,16,6.919000000000096
gfx950,torch.bfloat16,torch.bfloat16,19,1,2,8,128,128,8,4,16,6.99899999999991
gfx950,torch.bfloat16,torch.bfloat16,20,1,2,8,128,128,8,4,16,7.098999999999933
gfx950,torch.bfloat16,torch.bfloat16,21,1,2,8,128,128,8,4,16,7.479000000000042
gfx950,torch.bfloat16,torch.bfloat16,22,1,2,8,128,128,8,4,16,7.579499999999939
gfx950,torch.bfloat16,torch.bfloat16,23,1,2,8,128,128,4,4,16,7.67899999999986
gfx950,torch.bfloat16,torch.bfloat16,24,1,2,8,128,128,4,4,16,7.739499999999907
gfx950,torch.bfloat16,torch.bfloat16,25,1,2,8,128,128,4,4,16,8.19900000000007
gfx950,torch.bfloat16,torch.bfloat16,26,1,2,8,128,128,4,4,16,8.27900000000011
gfx950,torch.bfloat16,torch.bfloat16,27,1,2,8,128,128,8,4,16,8.259000000000015
gfx950,torch.bfloat16,torch.bfloat16,28,1,2,8,128,128,8,4,16,8.399000000000115
gfx950,torch.bfloat16,torch.bfloat16,29,1,2,8,128,128,4,4,16,8.6995
gfx950,torch.bfloat16,torch.bfloat16,30,1,2,8,128,128,4,4,16,8.739000000000033
gfx950,torch.bfloat16,torch.bfloat16,31,1,2,8,128,128,4,2,8,8.819000000000074
gfx950,torch.bfloat16,torch.bfloat16,32,1,2,8,128,128,2,4,8,8.959500000000048
gfx950,torch.bfloat16,torch.bfloat16,33,1,2,8,128,128,4,4,16,9.219499999999925
gfx950,torch.bfloat16,torch.bfloat16,34,1,2,8,128,128,4,4,16,9.478999999999928
gfx950,torch.bfloat16,torch.bfloat16,35,1,2,8,128,128,4,4,16,9.519000000000005
gfx950,torch.bfloat16,torch.bfloat16,36,1,2,8,128,128,4,4,16,9.599500000000035
gfx950,torch.bfloat16,torch.bfloat16,37,1,2,8,128,128,4,4,16,9.719000000000051
gfx950,torch.bfloat16,torch.bfloat16,38,1,2,8,128,128,4,4,16,9.878999999999905
gfx950,torch.bfloat16,torch.bfloat16,39,1,2,8,128,128,4,4,16,9.959999999999923
gfx950,torch.bfloat16,torch.bfloat16,40,1,2,8,128,128,4,4,16,10.07899999999995
gfx950,torch.bfloat16,torch.bfloat16,41,1,2,8,128,128,4,4,16,10.259500000000003
gfx950,torch.bfloat16,torch.bfloat16,42,1,2,8,128,128,2,4,16,10.41900000000004
gfx950,torch.bfloat16,torch.bfloat16,43,1,2,8,128,128,4,4,16,10.298999999999978
gfx950,torch.bfloat16,torch.bfloat16,44,1,2,8,128,128,2,4,16,10.619499999999903
gfx950,torch.bfloat16,torch.bfloat16,45,1,2,8,128,128,4,4,16,10.559000000000083
gfx950,torch.bfloat16,torch.bfloat16,46,1,2,8,128,128,2,4,16,10.678999999999945
gfx950,torch.bfloat16,torch.bfloat16,47,1,2,8,128,128,4,4,16,10.778999999999996
gfx950,torch.bfloat16,torch.bfloat16,48,1,2,8,128,128,4,4,16,10.819499999999948
gfx950,torch.bfloat16,torch.bfloat16,49,1,2,8,128,128,4,4,16,11.139499999999884
gfx950,torch.bfloat16,torch.bfloat16,50,1,2,8,128,128,2,4,16,11.358999999999924
gfx950,torch.bfloat16,torch.bfloat16,51,1,2,8,128,128,4,2,16,11.379000000000019
gfx950,torch.bfloat16,torch.bfloat16,52,1,2,8,128,128,4,2,16,11.419000000000096
gfx950,torch.bfloat16,torch.bfloat16,53,1,2,8,128,128,4,4,16,11.339499999999987
gfx950,torch.bfloat16,torch.bfloat16,54,1,2,8,128,128,4,4,16,11.579000000000065
gfx950,torch.bfloat16,torch.bfloat16,55,1,2,8,128,128,4,4,16,11.599500000000035
gfx950,torch.bfloat16,torch.bfloat16,56,1,2,8,128,128,4,4,16,11.798999999999978
gfx950,torch.bfloat16,torch.bfloat16,57,1,2,8,128,128,4,2,16,11.859499999999798
gfx950,torch.bfloat16,torch.bfloat16,58,1,2,8,128,128,2,4,16,12.058999999999855
gfx950,torch.bfloat16,torch.bfloat16,59,1,2,8,128,128,2,4,16,12.01900000000012
gfx950,torch.bfloat16,torch.bfloat16,60,1,2,8,128,128,2,4,16,12.199500000000057
gfx950,torch.bfloat16,torch.bfloat16,61,1,2,8,128,128,2,4,16,12.198999999999955
gfx950,torch.bfloat16,torch.bfloat16,62,1,2,8,128,128,2,4,16,12.119500000000016
gfx950,torch.bfloat16,torch.bfloat16,63,1,2,8,128,128,2,4,16,12.339000000000055
gfx950,torch.bfloat16,torch.bfloat16,64,1,2,8,128,128,2,4,16,12.399500000000103
gfx950,torch.bfloat16,torch.bfloat16,65,1,2,8,128,128,4,2,16,12.878999999999905
gfx950,torch.bfloat16,torch.bfloat16,66,1,2,8,128,128,4,2,16,12.898999999999887
gfx950,torch.bfloat16,torch.bfloat16,67,1,2,8,128,128,8,1,16,13.119000000000142
gfx950,torch.bfloat16,torch.bfloat16,68,1,2,8,128,128,2,4,16,13.179500000000075
gfx950,torch.bfloat16,torch.bfloat16,69,1,2,8,128,128,8,1,16,13.239000000000033
gfx950,torch.bfloat16,torch.bfloat16,70,1,2,8,128,128,8,1,16,13.219499999999925
gfx950,torch.bfloat16,torch.bfloat16,71,1,2,8,128,128,8,1,16,13.238999999999919
gfx950,torch.bfloat16,torch.bfloat16,72,1,2,8,128,128,8,1,16,13.358999999999924
gfx950,torch.bfloat16,torch.bfloat16,73,1,2,8,128,128,8,1,16,13.478999999999814
gfx950,torch.bfloat16,torch.bfloat16,74,1,2,8,128,128,8,1,16,13.419499999999971
gfx950,torch.bfloat16,torch.bfloat16,75,1,2,8,128,128,8,1,16,13.479000000000156
gfx950,torch.bfloat16,torch.bfloat16,76,1,2,8,128,128,8,1,16,13.559499999999957
gfx950,torch.bfloat16,torch.bfloat16,77,1,2,8,128,128,8,1,16,13.59900000000016
gfx950,torch.bfloat16,torch.bfloat16,78,1,2,8,128,128,8,1,16,13.598999999999933
gfx950,torch.bfloat16,torch.bfloat16,79,1,2,8,128,128,8,1,16,13.759000000000015
gfx950,torch.bfloat16,torch.bfloat16,80,1,2,8,128,128,8,1,16,13.778999999999996
gfx950,torch.bfloat16,torch.bfloat16,81,1,2,8,128,128,8,1,16,13.999499999999898
gfx950,torch.bfloat16,torch.bfloat16,82,1,2,8,128,128,8,1,16,14.19900000000007
gfx950,torch.bfloat16,torch.bfloat16,83,1,2,8,128,128,8,1,16,14.279500000000098
gfx950,torch.bfloat16,torch.bfloat16,84,1,2,8,128,128,8,1,16,14.29950000000008
gfx950,torch.bfloat16,torch.bfloat16,85,1,2,8,128,128,8,1,16,14.319499999999948
gfx950,torch.bfloat16,torch.bfloat16,86,1,2,8,128,128,8,1,16,14.479500000000144
gfx950,torch.bfloat16,torch.bfloat16,87,1,2,8,128,128,8,1,16,14.579500000000053
gfx950,torch.bfloat16,torch.bfloat16,88,1,2,8,128,128,8,1,16,14.699499999999887
gfx950,torch.bfloat16,torch.bfloat16,89,1,2,8,128,128,8,1,16,14.918999999999983
gfx950,torch.bfloat16,torch.bfloat16,90,1,2,8,128,128,8,1,16,14.879500000000007
gfx950,torch.bfloat16,torch.bfloat16,91,1,2,8,128,128,8,1,16,14.978999999999814
gfx950,torch.bfloat16,torch.bfloat16,92,1,2,8,128,128,8,1,16,14.918999999999983
gfx950,torch.bfloat16,torch.bfloat16,93,1,2,8,128,128,8,1,16,14.93950000000018
gfx950,torch.bfloat16,torch.bfloat16,94,1,2,8,128,128,8,1,16,15.239000000000033
gfx950,torch.bfloat16,torch.bfloat16,95,1,2,8,128,128,4,1,8,15.399000000000115
gfx950,torch.bfloat16,torch.bfloat16,96,1,2,8,128,128,4,1,8,15.399000000000228
gfx950,torch.bfloat16,torch.bfloat16,97,1,2,8,128,128,2,2,8,16.239000000000033
gfx950,torch.bfloat16,torch.bfloat16,98,1,2,8,128,128,2,2,8,16.378999999999905
gfx950,torch.bfloat16,torch.bfloat16,99,1,2,8,128,128,2,2,8,16.59900000000016
gfx950,torch.bfloat16,torch.bfloat16,100,1,2,8,128,128,2,2,8,16.739000000000033
gfx950,torch.bfloat16,torch.bfloat16,101,1,2,8,128,128,4,4,16,16.999000000000024
gfx950,torch.bfloat16,torch.bfloat16,102,1,2,8,128,128,2,2,8,17.038999999999987
gfx950,torch.bfloat16,torch.bfloat16,103,1,2,8,128,128,2,2,8,17.25999999999999
gfx950,torch.bfloat16,torch.bfloat16,104,1,2,8,128,128,2,2,8,17.119000000000142
gfx950,torch.bfloat16,torch.bfloat16,105,1,2,8,128,128,2,2,8,17.259500000000003
gfx950,torch.bfloat16,torch.bfloat16,106,1,2,8,128,128,2,2,8,17.338999999999942
gfx950,torch.bfloat16,torch.bfloat16,107,1,2,8,128,128,2,2,8,17.319499999999834
gfx950,torch.bfloat16,torch.bfloat16,108,1,2,8,128,128,2,2,8,17.559499999999844
gfx950,torch.bfloat16,torch.bfloat16,109,1,2,8,128,128,2,2,8,17.458999999999946
gfx950,torch.bfloat16,torch.bfloat16,110,1,2,8,128,128,2,2,8,17.69900000000007
gfx950,torch.bfloat16,torch.bfloat16,111,1,2,8,128,128,2,2,8,17.679000000000087
gfx950,torch.bfloat16,torch.bfloat16,112,1,2,8,128,128,2,2,8,17.73950000000002
gfx950,torch.bfloat16,torch.bfloat16,113,1,2,8,128,128,2,2,8,18.019499999999994
gfx950,torch.bfloat16,torch.bfloat16,114,1,2,8,128,128,2,2,8,18.178999999999746
gfx950,torch.bfloat16,torch.bfloat16,115,1,2,8,128,128,4,1,16,18.19900000000007
gfx950,torch.bfloat16,torch.bfloat16,116,1,2,8,128,128,4,1,16,18.31899999999996
gfx950,torch.bfloat16,torch.bfloat16,117,1,2,8,128,128,2,2,16,18.47950000000003
gfx950,torch.bfloat16,torch.bfloat16,118,1,2,8,128,128,4,1,16,18.61950000000013
gfx950,torch.bfloat16,torch.bfloat16,119,1,2,8,128,128,2,2,16,18.598999999999933
gfx950,torch.bfloat16,torch.bfloat16,120,1,2,8,128,128,2,2,16,18.718999999999824
gfx950,torch.bfloat16,torch.bfloat16,121,1,2,8,128,128,2,2,16,18.81899999999996
gfx950,torch.bfloat16,torch.bfloat16,122,1,2,8,128,128,2,2,16,18.898999999999887
gfx950,torch.bfloat16,torch.bfloat16,123,1,2,8,128,128,2,2,16,18.919500000000085
gfx950,torch.bfloat16,torch.bfloat16,124,1,2,8,128,128,4,1,16,18.918999999999983
gfx950,torch.bfloat16,torch.bfloat16,125,1,2,8,128,128,2,2,16,19.019499999999994
gfx950,torch.bfloat16,torch.bfloat16,126,1,2,8,128,128,4,1,16,19.07900000000018
gfx950,torch.bfloat16,torch.bfloat16,127,1,2,8,128,128,4,1,16,19.158999999999878
gfx950,torch.bfloat16,torch.bfloat16,128,1,2,8,128,128,4,1,16,19.199499999999944
gfx950,torch.bfloat16,torch.bfloat16,1,1,4,8,128,128,8,4,16,4.359000000000151
gfx950,torch.bfloat16,torch.bfloat16,2,1,4,8,128,128,8,4,16,4.5190000000000055
gfx950,torch.bfloat16,torch.bfloat16,3,1,4,8,128,128,8,4,16,4.63900000000001
gfx950,torch.bfloat16,torch.bfloat16,4,1,4,8,128,128,8,4,16,4.7590000000000146
gfx950,torch.bfloat16,torch.bfloat16,5,1,4,8,128,128,8,4,16,4.95900000000006
gfx950,torch.bfloat16,torch.bfloat16,6,1,4,8,128,128,8,4,16,5.158999999999992
gfx950,torch.bfloat16,torch.bfloat16,7,1,4,8,128,128,8,4,16,5.239000000000033
gfx950,torch.bfloat16,torch.bfloat16,8,1,4,8,128,128,8,4,16,5.378999999999962
gfx950,torch.bfloat16,torch.bfloat16,9,1,4,8,128,128,8,4,16,5.7590000000000146
gfx950,torch.bfloat16,torch.bfloat16,10,1,4,8,128,128,8,4,16,5.819499999999948
gfx950,torch.bfloat16,torch.bfloat16,11,1,4,8,128,128,8,4,16,5.919000000000096
gfx950,torch.bfloat16,torch.bfloat16,12,1,4,8,128,128,8,4,16,5.999000000000024
gfx950,torch.bfloat16,torch.bfloat16,13,1,4,8,128,128,8,4,16,6.239000000000033
gfx950,torch.bfloat16,torch.bfloat16,14,1,4,8,128,128,8,4,16,6.358999999999924
gfx950,torch.bfloat16,torch.bfloat16,15,1,4,8,128,128,8,4,16,6.45900000000006
gfx950,torch.bfloat16,torch.bfloat16,16,1,4,8,128,128,8,4,16,6.558999999999969
gfx950,torch.bfloat16,torch.bfloat16,17,1,4,8,128,128,8,4,16,6.839000000000169
gfx950,torch.bfloat16,torch.bfloat16,18,1,4,8,128,128,8,4,16,6.919000000000096
gfx950,torch.bfloat16,torch.bfloat16,19,1,4,8,128,128,8,4,16,7.0190000000000055
gfx950,torch.bfloat16,torch.bfloat16,20,1,4,8,128,128,8,4,16,7.119000000000028
gfx950,torch.bfloat16,torch.bfloat16,21,1,4,8,128,128,8,4,16,7.439000000000078
gfx950,torch.bfloat16,torch.bfloat16,22,1,4,8,128,128,8,4,16,7.558999999999969
gfx950,torch.bfloat16,torch.bfloat16,23,1,4,8,128,128,4,4,16,7.638999999999896
gfx950,torch.bfloat16,torch.bfloat16,24,1,4,8,128,128,8,4,16,7.7590000000000146
gfx950,torch.bfloat16,torch.bfloat16,25,1,4,8,128,128,4,4,16,8.278999999999996
gfx950,torch.bfloat16,torch.bfloat16,26,1,4,8,128,128,4,4,16,8.298999999999978
gfx950,torch.bfloat16,torch.bfloat16,27,1,4,8,128,128,8,4,16,8.419500000000085
gfx950,torch.bfloat16,torch.bfloat16,28,1,4,8,128,128,8,4,16,8.499000000000024
gfx950,torch.bfloat16,torch.bfloat16,29,1,4,8,128,128,8,4,16,8.659500000000094
gfx950,torch.bfloat16,torch.bfloat16,30,1,4,8,128,128,8,1,8,8.759000000000015
gfx950,torch.bfloat16,torch.bfloat16,31,1,4,8,128,128,2,4,8,8.819000000000074
gfx950,torch.bfloat16,torch.bfloat16,32,1,4,8,128,128,2,4,8,8.97950000000003
gfx950,torch.bfloat16,torch.bfloat16,33,1,4,8,128,128,4,4,16,9.298999999999978
gfx950,torch.bfloat16,torch.bfloat16,34,1,4,8,128,128,4,4,16,9.399000000000115
gfx950,torch.bfloat16,torch.bfloat16,35,1,4,8,128,128,4,4,16,9.559000000000083
gfx950,torch.bfloat16,torch.bfloat16,36,1,4,8,128,128,4,4,16,9.699499999999944
gfx950,torch.bfloat16,torch.bfloat16,37,1,4,8,128,128,4,4,16,9.699499999999944
gfx950,torch.bfloat16,torch.bfloat16,38,1,4,8,128,128,4,4,16,9.778999999999996
gfx950,torch.bfloat16,torch.bfloat16,39,1,4,8,128,128,4,4,16,9.918999999999983
gfx950,torch.bfloat16,torch.bfloat16,40,1,4,8,128,128,4,4,16,9.999000000000024
gfx950,torch.bfloat16,torch.bfloat16,41,1,4,8,128,128,2,4,16,10.338999999999942
gfx950,torch.bfloat16,torch.bfloat16,42,1,4,8,128,128,4,4,16,10.438999999999965
gfx950,torch.bfloat16,torch.bfloat16,43,1,4,8,128,128,4,4,16,10.43899999999985
gfx950,torch.bfloat16,torch.bfloat16,44,1,4,8,128,128,4,4,16,10.57899999999995
gfx950,torch.bfloat16,torch.bfloat16,45,1,4,8,128,128,4,4,16,10.63900000000001
gfx950,torch.bfloat16,torch.bfloat16,46,1,4,8,128,128,4,4,16,10.679500000000075
gfx950,torch.bfloat16,torch.bfloat16,47,1,4,8,128,128,4,4,16,10.778999999999996
gfx950,torch.bfloat16,torch.bfloat16,48,1,4,8,128,128,4,4,16,10.678999999999974
gfx950,torch.bfloat16,torch.bfloat16,49,1,4,8,128,128,4,4,16,11.199000000000012
gfx950,torch.bfloat16,torch.bfloat16,50,1,4,8,128,128,4,4,16,11.279499999999985
gfx950,torch.bfloat16,torch.bfloat16,51,1,4,8,128,128,2,4,16,11.47950000000003
gfx950,torch.bfloat16,torch.bfloat16,52,1,4,8,128,128,4,4,16,11.499000000000024
gfx950,torch.bfloat16,torch.bfloat16,53,1,4,8,128,128,4,2,16,11.619499999999903
gfx950,torch.bfloat16,torch.bfloat16,54,1,4,8,128,128,4,4,16,11.55900000000014
gfx950,torch.bfloat16,torch.bfloat16,55,1,4,8,128,128,4,4,16,11.678999999999917
gfx950,torch.bfloat16,torch.bfloat16,56,1,4,8,128,128,4,4,16,11.778999999999996
gfx950,torch.bfloat16,torch.bfloat16,57,1,4,8,128,128,4,2,16,11.919500000000028
gfx950,torch.bfloat16,torch.bfloat16,58,1,4,8,128,128,4,2,16,12.019000000000005
gfx950,torch.bfloat16,torch.bfloat16,59,1,4,8,128,128,2,4,16,12.079000000000178
gfx950,torch.bfloat16,torch.bfloat16,60,1,4,8,128,128,2,4,16,12.259500000000116
gfx950,torch.bfloat16,torch.bfloat16,61,1,4,8,128,128,2,4,16,12.199999999999932
gfx950,torch.bfloat16,torch.bfloat16,62,1,4,8,128,128,2,4,16,12.319500000000062
gfx950,torch.bfloat16,torch.bfloat16,63,1,4,8,128,128,2,4,16,12.378999999999905
gfx950,torch.bfloat16,torch.bfloat16,64,1,4,8,128,128,4,4,16,12.418999999999869
gfx950,torch.bfloat16,torch.bfloat16,65,1,4,8,128,128,4,2,16,12.899000000000115
gfx950,torch.bfloat16,torch.bfloat16,66,1,4,8,128,128,4,2,16,12.959500000000048
gfx950,torch.bfloat16,torch.bfloat16,67,1,4,8,128,128,2,4,16,13.158999999999992
gfx950,torch.bfloat16,torch.bfloat16,68,1,4,8,128,128,2,4,16,13.179499999999734
gfx950,torch.bfloat16,torch.bfloat16,69,1,4,8,128,128,4,2,16,13.239000000000033
gfx950,torch.bfloat16,torch.bfloat16,70,1,4,8,128,128,8,1,16,13.239000000000033
gfx950,torch.bfloat16,torch.bfloat16,71,1,4,8,128,128,2,4,16,13.320000000000164
gfx950,torch.bfloat16,torch.bfloat16,72,1,4,8,128,128,8,1,16,13.359500000000025
gfx950,torch.bfloat16,torch.bfloat16,73,1,4,8,128,128,8,1,16,13.439499999999953
gfx950,torch.bfloat16,torch.bfloat16,74,1,4,8,128,128,8,1,16,13.478999999999814
gfx950,torch.bfloat16,torch.bfloat16,75,1,4,8,128,128,8,1,16,13.479000000000156
gfx950,torch.bfloat16,torch.bfloat16,76,1,4,8,128,128,8,1,16,13.63900000000001
gfx950,torch.bfloat16,torch.bfloat16,77,1,4,8,128,128,8,1,16,13.638999999999896
gfx950,torch.bfloat16,torch.bfloat16,78,1,4,8,128,128,8,1,16,13.619499999999789
gfx950,torch.bfloat16,torch.bfloat16,79,1,4,8,128,128,8,1,16,13.778999999999996
gfx950,torch.bfloat16,torch.bfloat16,80,1,4,8,128,128,8,1,16,13.739000000000033
gfx950,torch.bfloat16,torch.bfloat16,81,1,4,8,128,128,8,1,16,13.999499999999898
gfx950,torch.bfloat16,torch.bfloat16,82,1,4,8,128,128,8,1,16,14.158999999999992
gfx950,torch.bfloat16,torch.bfloat16,83,1,4,8,128,128,8,1,16,14.119500000000016
gfx950,torch.bfloat16,torch.bfloat16,84,1,4,8,128,128,4,1,8,14.45900000000006
gfx950,torch.bfloat16,torch.bfloat16,85,1,4,8,128,128,8,1,16,14.538999999999987
gfx950,torch.bfloat16,torch.bfloat16,86,1,4,8,128,128,8,1,16,14.539000000000101
gfx950,torch.bfloat16,torch.bfloat16,87,1,4,8,128,128,8,1,16,14.519500000000107
gfx950,torch.bfloat16,torch.bfloat16,88,1,4,8,128,128,8,1,16,14.779499999999985
gfx950,torch.bfloat16,torch.bfloat16,89,1,4,8,128,128,8,1,16,14.77949999999987
gfx950,torch.bfloat16,torch.bfloat16,90,1,4,8,128,128,8,1,16,14.919000000000096
gfx950,torch.bfloat16,torch.bfloat16,91,1,4,8,128,128,8,1,16,14.939499999999953
gfx950,torch.bfloat16,torch.bfloat16,92,1,4,8,128,128,8,1,16,15.138999999999896
gfx950,torch.bfloat16,torch.bfloat16,93,1,4,8,128,128,4,1,8,15.398999999999887
gfx950,torch.bfloat16,torch.bfloat16,94,1,4,8,128,128,8,1,16,15.419000000000096
gfx950,torch.bfloat16,torch.bfloat16,95,1,4,8,128,128,4,2,16,15.339499999999816
gfx950,torch.bfloat16,torch.bfloat16,96,1,4,8,128,128,8,1,16,15.399500000000103
gfx950,torch.bfloat16,torch.bfloat16,97,1,4,8,128,128,2,2,8,16.318999999999733
gfx950,torch.bfloat16,torch.bfloat16,98,1,4,8,128,128,2,2,8,16.33949999999993
gfx950,torch.bfloat16,torch.bfloat16,99,1,4,8,128,128,2,2,8,16.698999999999955
gfx950,torch.bfloat16,torch.bfloat16,100,1,4,8,128,128,2,2,8,16.838999999999942
gfx950,torch.bfloat16,torch.bfloat16,101,1,4,8,128,128,1,4,8,17.019999999999982
gfx950,torch.bfloat16,torch.bfloat16,102,1,4,8,128,128,2,2,8,16.99899999999991
gfx950,torch.bfloat16,torch.bfloat16,103,1,4,8,128,128,2,2,8,17.119500000000016
gfx950,torch.bfloat16,torch.bfloat16,104,1,4,8,128,128,2,2,8,17.19900000000007
gfx950,torch.bfloat16,torch.bfloat16,105,1,4,8,128,128,1,4,8,17.33949999999993
gfx950,torch.bfloat16,torch.bfloat16,106,1,4,8,128,128,2,2,8,17.319499999999834
gfx950,torch.bfloat16,torch.bfloat16,107,1,4,8,128,128,2,2,8,17.319000000000187
gfx950,torch.bfloat16,torch.bfloat16,108,1,4,8,128,128,2,2,8,17.658999999999992
gfx950,torch.bfloat16,torch.bfloat16,109,1,4,8,128,128,1,4,8,17.69950000000017
gfx950,torch.bfloat16,torch.bfloat16,110,1,4,8,128,128,2,2,8,17.63900000000001
gfx950,torch.bfloat16,torch.bfloat16,111,1,4,8,128,128,2,2,8,17.620000000000005
gfx950,torch.bfloat16,torch.bfloat16,112,1,4,8,128,128,2,2,8,17.838999999999942
gfx950,torch.bfloat16,torch.bfloat16,113,1,4,8,128,128,2,2,8,18.07900000000018
gfx950,torch.bfloat16,torch.bfloat16,114,1,4,8,128,128,4,1,16,18.159000000000106
gfx950,torch.bfloat16,torch.bfloat16,115,1,4,8,128,128,4,1,16,18.259000000000015
gfx950,torch.bfloat16,torch.bfloat16,116,1,4,8,128,128,1,4,8,18.31899999999996
gfx950,torch.bfloat16,torch.bfloat16,117,1,4,8,128,128,4,1,16,18.499500000000012
gfx950,torch.bfloat16,torch.bfloat16,118,1,4,8,128,128,2,2,16,18.47900000000027
gfx950,torch.bfloat16,torch.bfloat16,119,1,4,8,128,128,4,4,16,18.73950000000002
gfx950,torch.bfloat16,torch.bfloat16,120,1,4,8,128,128,1,4,8,18.759000000000015
gfx950,torch.bfloat16,torch.bfloat16,121,1,4,8,128,128,4,1,16,18.91949999999997
gfx950,torch.bfloat16,torch.bfloat16,122,1,4,8,128,128,2,2,16,18.95900000000006
gfx950,torch.bfloat16,torch.bfloat16,123,1,4,8,128,128,2,2,16,19.05899999999997
gfx950,torch.bfloat16,torch.bfloat16,124,1,4,8,128,128,4,1,16,18.978999999999814
gfx950,torch.bfloat16,torch.bfloat16,125,1,4,8,128,128,2,2,16,19.099500000000035
gfx950,torch.bfloat16,torch.bfloat16,126,1,4,8,128,128,2,2,8,19.178999999999974
gfx950,torch.bfloat16,torch.bfloat16,127,1,4,8,128,128,4,1,16,19.219500000000153
gfx950,torch.bfloat16,torch.bfloat16,128,1,4,8,128,128,4,1,16,19.239000000000033
gfx950,torch.bfloat16,torch.bfloat16,1,1,16,32,128,128,8,4,16,4.778999999999996
gfx950,torch.bfloat16,torch.bfloat16,2,1,16,32,128,128,8,4,16,5.399000000000342
gfx950,torch.bfloat16,torch.bfloat16,3,1,16,32,128,128,8,4,16,5.878999999999905
gfx950,torch.bfloat16,torch.bfloat16,4,1,16,32,128,128,8,4,16,6.479000000000269
gfx950,torch.bfloat16,torch.bfloat16,5,1,16,32,128,128,8,4,16,7.09900000000016
gfx950,torch.bfloat16,torch.bfloat16,6,1,16,32,128,128,4,4,16,7.719000000000051
gfx950,torch.bfloat16,torch.bfloat16,7,1,16,32,128,128,8,4,16,8.399000000000342
gfx950,torch.bfloat16,torch.bfloat16,8,1,16,32,128,128,8,2,16,8.81899999999996
gfx950,torch.bfloat16,torch.bfloat16,9,1,16,32,128,128,4,4,16,9.479499999999462
gfx950,torch.bfloat16,torch.bfloat16,10,1,16,32,128,128,4,4,16,9.898999999999887
gfx950,torch.bfloat16,torch.bfloat16,11,1,16,32,128,128,2,4,16,10.559000000000196
gfx950,torch.bfloat16,torch.bfloat16,12,1,16,32,128,128,2,4,16,10.819000000000415
gfx950,torch.bfloat16,torch.bfloat16,13,1,16,32,128,128,2,4,16,11.378999999999905
gfx950,torch.bfloat16,torch.bfloat16,14,1,16,32,128,128,2,4,16,11.678999999999633
gfx950,torch.bfloat16,torch.bfloat16,15,1,16,32,128,128,4,2,16,11.918999999999869
gfx950,torch.bfloat16,torch.bfloat16,16,1,16,32,128,128,2,4,16,12.19900000000007
gfx950,torch.bfloat16,torch.bfloat16,17,1,16,32,128,128,4,2,16,12.87900000000036
gfx950,torch.bfloat16,torch.bfloat16,18,1,16,32,128,128,2,4,16,13.078999999999724
gfx950,torch.bfloat16,torch.bfloat16,19,1,16,32,128,128,2,4,16,13.47899999999936
gfx950,torch.bfloat16,torch.bfloat16,20,1,16,32,128,128,8,1,16,13.538999999999305
gfx950,torch.bfloat16,torch.bfloat16,21,1,16,32,128,128,8,1,16,14.15899999999965
gfx950,torch.bfloat16,torch.bfloat16,22,1,16,32,128,128,4,1,8,14.419000000000324
gfx950,torch.bfloat16,torch.bfloat16,23,1,16,32,128,128,4,1,8,14.759000000000015
gfx950,torch.bfloat16,torch.bfloat16,24,1,16,32,128,128,4,1,8,15.13949999999977
gfx950,torch.bfloat16,torch.bfloat16,25,1,16,32,128,128,2,2,8,16.539000000000215
gfx950,torch.bfloat16,torch.bfloat16,26,1,16,32,128,128,4,1,16,16.97900000000027
gfx950,torch.bfloat16,torch.bfloat16,27,1,16,32,128,128,4,1,16,17.378999999999905
gfx950,torch.bfloat16,torch.bfloat16,28,1,16,32,128,128,4,1,16,17.67950000000019
gfx950,torch.bfloat16,torch.bfloat16,29,1,16,32,128,128,4,1,16,18.03949999999986
gfx950,torch.bfloat16,torch.bfloat16,30,1,16,32,128,128,2,2,16,18.459000000000287
gfx950,torch.bfloat16,torch.bfloat16,31,1,16,32,128,128,2,2,16,18.71900000000005
gfx950,torch.bfloat16,torch.bfloat16,32,1,16,32,128,128,4,1,16,19.039000000000215
gfx950,torch.bfloat16,torch.bfloat16,33,1,16,32,128,128,8,2,16,20.18000000000029
gfx950,torch.bfloat16,torch.bfloat16,34,1,16,32,128,128,8,2,16,20.619000000000142
gfx950,torch.bfloat16,torch.bfloat16,35,1,16,32,128,128,8,2,16,20.959000000000287
gfx950,torch.bfloat16,torch.bfloat16,36,1,16,32,128,128,4,4,16,21.099000000000615
gfx950,torch.bfloat16,torch.bfloat16,37,1,16,32,128,128,4,4,16,21.55899999999974
gfx950,torch.bfloat16,torch.bfloat16,38,1,16,32,128,128,8,2,16,21.919000000000324
gfx950,torch.bfloat16,torch.bfloat16,39,1,16,32,128,128,8,2,16,22.278999999999996
gfx950,torch.bfloat16,torch.bfloat16,40,1,16,32,128,128,8,2,16,22.619000000000142
gfx950,torch.bfloat16,torch.bfloat16,41,1,16,32,128,128,4,4,16,23.118999999999687
gfx950,torch.bfloat16,torch.bfloat16,42,1,16,32,128,128,4,4,16,23.53899999999976
gfx950,torch.bfloat16,torch.bfloat16,43,1,16,32,128,128,4,4,16,23.71900000000005
gfx950,torch.bfloat16,torch.bfloat16,44,1,16,32,128,128,8,2,16,24.07900000000018
gfx950,torch.bfloat16,torch.bfloat16,45,1,16,32,128,128,4,4,16,24.559499999999844
gfx950,torch.bfloat16,torch.bfloat16,46,1,16,32,128,128,8,2,16,24.939499999999953
gfx950,torch.bfloat16,torch.bfloat16,47,1,16,32,128,128,8,2,16,25.358999999999924
gfx950,torch.bfloat16,torch.bfloat16,48,1,16,32,128,128,4,4,16,25.71900000000005
gfx950,torch.bfloat16,torch.bfloat16,49,1,16,32,128,128,8,2,16,26.259500000000116
gfx950,torch.bfloat16,torch.bfloat16,50,1,16,32,128,128,8,2,16,26.63899999999967
gfx950,torch.bfloat16,torch.bfloat16,51,1,16,32,128,128,4,4,16,26.859500000000025
gfx950,torch.bfloat16,torch.bfloat16,52,1,16,32,128,128,4,4,16,27.179499999999734
gfx950,torch.bfloat16,torch.bfloat16,53,1,16,32,128,128,8,2,16,27.659500000000207
gfx950,torch.bfloat16,torch.bfloat16,54,1,16,32,128,128,8,2,16,28.159000000000106
gfx950,torch.bfloat16,torch.bfloat16,55,1,16,32,128,128,8,2,16,28.49900000000025
gfx950,torch.bfloat16,torch.bfloat16,56,1,16,32,128,128,8,2,16,28.978999999999814
gfx950,torch.bfloat16,torch.bfloat16,57,1,16,32,128,128,4,4,16,29.239500000000135
gfx950,torch.bfloat16,torch.bfloat16,58,1,16,32,128,128,8,2,16,29.69900000000007
gfx950,torch.bfloat16,torch.bfloat16,59,1,16,32,128,128,4,4,16,29.859500000000025
gfx950,torch.bfloat16,torch.bfloat16,60,1,16,32,128,128,4,4,16,30.19900000000007
gfx950,torch.bfloat16,torch.bfloat16,61,1,16,32,128,128,4,4,16,30.599499999999807
gfx950,torch.bfloat16,torch.bfloat16,62,1,16,32,128,128,2,4,16,31.259500000000116
gfx950,torch.bfloat16,torch.bfloat16,63,1,16,32,128,128,8,2,16,31.559499999999844
gfx950,torch.bfloat16,torch.bfloat16,64,1,16,32,128,128,8,1,16,31.838999999999942
gfx950,torch.bfloat16,torch.bfloat16,65,1,16,32,128,128,8,2,16,32.339500000000044
gfx950,torch.bfloat16,torch.bfloat16,66,1,16,32,128,128,4,4,16,32.85949999999957
gfx950,torch.bfloat16,torch.bfloat16,67,1,16,32,128,128,8,2,16,33.059999999999945
gfx950,torch.bfloat16,torch.bfloat16,68,1,16,32,128,128,8,1,16,33.439000000000306
gfx950,torch.bfloat16,torch.bfloat16,69,1,16,32,128,128,8,2,16,33.87900000000036
gfx950,torch.bfloat16,torch.bfloat16,70,1,16,32,128,128,2,4,16,34.25950000000057
gfx950,torch.bfloat16,torch.bfloat16,71,1,16,32,128,128,8,1,16,34.67950000000019
gfx950,torch.bfloat16,torch.bfloat16,72,1,16,32,128,128,2,4,16,34.89949999999999
gfx950,torch.bfloat16,torch.bfloat16,73,1,16,32,128,128,8,2,16,35.31999999999971
gfx950,torch.bfloat16,torch.bfloat16,74,1,16,32,128,128,8,2,16,35.978999999999814
gfx950,torch.bfloat16,torch.bfloat16,75,1,16,32,128,128,2,4,16,36.19900000000007
gfx950,torch.bfloat16,torch.bfloat16,76,1,16,32,128,128,8,2,16,36.41949999999997
gfx950,torch.bfloat16,torch.bfloat16,77,1,16,32,128,128,8,2,16,36.89949999999999
gfx950,torch.bfloat16,torch.bfloat16,78,1,16,32,128,128,8,2,16,37.239500000000135
gfx950,torch.bfloat16,torch.bfloat16,79,1,16,32,128,128,2,4,16,37.59900000000016
gfx950,torch.bfloat16,torch.bfloat16,80,1,16,32,128,128,8,1,16,37.81950000000006
gfx950,torch.bfloat16,torch.bfloat16,81,1,16,32,128,128,2,4,16,38.25999999999976
gfx950,torch.bfloat16,torch.bfloat16,82,1,16,32,128,128,2,4,16,38.739500000000135
gfx950,torch.bfloat16,torch.bfloat16,83,1,16,32,128,128,2,4,16,38.86000000000013
gfx950,torch.bfloat16,torch.bfloat16,84,1,16,32,128,128,2,4,16,39.13949999999977
gfx950,torch.bfloat16,torch.bfloat16,85,1,16,32,128,128,8,1,16,39.67900000000009
gfx950,torch.bfloat16,torch.bfloat16,86,1,16,32,128,128,8,1,16,40.13999999999942
gfx950,torch.bfloat16,torch.bfloat16,87,1,16,32,128,128,2,4,16,40.43950000000041
gfx950,torch.bfloat16,torch.bfloat16,88,1,16,32,128,128,8,1,16,40.7795000000001
gfx950,torch.bfloat16,torch.bfloat16,89,1,16,32,128,128,8,1,16,41.17950000000019
gfx950,torch.bfloat16,torch.bfloat16,90,1,16,32,128,128,8,1,16,41.71950000000061
gfx950,torch.bfloat16,torch.bfloat16,91,1,16,32,128,128,8,1,16,41.93949999999995
gfx950,torch.bfloat16,torch.bfloat16,92,1,16,32,128,128,8,1,16,41.99950000000081
gfx950,torch.bfloat16,torch.bfloat16,93,1,16,32,128,128,8,1,16,42.51999999999953
gfx950,torch.bfloat16,torch.bfloat16,94,1,16,32,128,128,2,4,16,42.93949999999995
gfx950,torch.bfloat16,torch.bfloat16,95,1,16,32,128,128,8,1,16,43.479499999999916
gfx950,torch.bfloat16,torch.bfloat16,96,1,16,32,128,128,8,1,16,43.70000000000027
gfx950,torch.bfloat16,torch.bfloat16,97,1,16,32,128,128,2,4,16,44.17900000000009
gfx950,torch.bfloat16,torch.bfloat16,98,1,16,32,128,128,2,4,16,44.679500000000644
gfx950,torch.bfloat16,torch.bfloat16,99,1,16,32,128,128,2,4,16,45.059499999999844
gfx950,torch.bfloat16,torch.bfloat16,100,1,16,32,128,128,2,4,16,45.13950000000068
gfx950,torch.bfloat16,torch.bfloat16,101,1,16,32,128,128,8,1,16,45.519500000000335
gfx950,torch.bfloat16,torch.bfloat16,102,1,16,32,128,128,8,1,16,46.15899999999965
gfx950,torch.bfloat16,torch.bfloat16,103,1,16,32,128,128,2,4,16,46.38000000000011
gfx950,torch.bfloat16,torch.bfloat16,104,1,16,32,128,128,8,1,16,46.5
gfx950,torch.bfloat16,torch.bfloat16,105,1,16,32,128,128,8,1,16,47.17950000000019
gfx950,torch.bfloat16,torch.bfloat16,106,1,16,32,128,128,2,4,16,47.35999999999967
gfx950,torch.bfloat16,torch.bfloat16,107,1,16,32,128,128,8,1,16,47.63949999999977
gfx950,torch.bfloat16,torch.bfloat16,108,1,16,32,128,128,8,1,16,47.8395000000005
gfx950,torch.bfloat16,torch.bfloat16,109,1,16,32,128,128,8,1,16,48.299500000000535
gfx950,torch.bfloat16,torch.bfloat16,110,1,16,32,128,128,8,1,16,48.7194999999997
gfx950,torch.bfloat16,torch.bfloat16,111,1,16,32,128,128,8,1,16,49.23950000000059
gfx950,torch.bfloat16,torch.bfloat16,112,1,16,32,128,128,8,1,16,49.299499999999625
gfx950,torch.bfloat16,torch.bfloat16,113,1,16,32,128,128,8,1,16,49.559999999999945
gfx950,torch.bfloat16,torch.bfloat16,114,1,16,32,128,128,8,1,16,50.15950000000066
gfx950,torch.bfloat16,torch.bfloat16,115,1,16,32,128,128,8,1,16,50.39949999999999
gfx950,torch.bfloat16,torch.bfloat16,116,1,16,32,128,128,8,1,16,50.81950000000052
gfx950,torch.bfloat16,torch.bfloat16,117,1,16,32,128,128,8,1,16,51.23899999999958
gfx950,torch.bfloat16,torch.bfloat16,118,1,16,32,128,128,8,1,16,51.59950000000026
gfx950,torch.bfloat16,torch.bfloat16,119,1,16,32,128,128,8,1,16,51.93949999999995
gfx950,torch.bfloat16,torch.bfloat16,120,1,16,32,128,128,8,1,16,52.358999999999924
gfx950,torch.bfloat16,torch.bfloat16,121,1,16,32,128,128,8,1,16,52.899499999999534
gfx950,torch.bfloat16,torch.bfloat16,122,1,16,32,128,128,8,1,16,53.39900000000034
gfx950,torch.bfloat16,torch.bfloat16,123,1,16,32,128,128,8,1,16,53.559499999999844
gfx950,torch.bfloat16,torch.bfloat16,124,1,16,32,128,128,8,1,16,53.55899999999974
gfx950,torch.bfloat16,torch.bfloat16,125,1,16,32,128,128,8,1,16,54.13949999999977
gfx950,torch.bfloat16,torch.bfloat16,126,1,16,32,128,128,8,1,16,54.71950000000015
gfx950,torch.bfloat16,torch.bfloat16,127,1,16,32,128,128,8,1,16,54.87899999999945
gfx950,torch.bfloat16,torch.bfloat16,128,1,16,32,128,128,8,1,16,55.220000000000255
gfx950,torch.bfloat16,torch.bfloat16,1,1,16,64,128,128,8,4,16,5.3990000000012515
gfx950,torch.bfloat16,torch.bfloat16,2,1,16,64,128,128,8,4,16,6.438999999999396
gfx950,torch.bfloat16,torch.bfloat16,3,1,16,64,128,128,4,4,16,7.679000000000087
gfx950,torch.bfloat16,torch.bfloat16,4,1,16,64,128,128,4,4,16,8.759000000000015
gfx950,torch.bfloat16,torch.bfloat16,5,1,16,64,128,128,4,4,16,9.819000000000415
gfx950,torch.bfloat16,torch.bfloat16,6,1,16,64,128,128,4,4,16,10.578999999999724
gfx950,torch.bfloat16,torch.bfloat16,7,1,16,64,128,128,4,4,16,11.379500000000007
gfx950,torch.bfloat16,torch.bfloat16,8,1,16,64,128,128,4,4,16,12.078999999999724
gfx950,torch.bfloat16,torch.bfloat16,9,1,16,64,128,128,2,4,16,13.059000000000196
gfx950,torch.bfloat16,torch.bfloat16,10,1,16,64,128,128,8,1,16,13.419499999999971
gfx950,torch.bfloat16,torch.bfloat16,11,1,16,64,128,128,4,1,8,14.559000000000196
gfx950,torch.bfloat16,torch.bfloat16,12,1,16,64,128,128,8,1,16,15.439000000000306
gfx950,torch.bfloat16,torch.bfloat16,13,1,16,64,128,128,2,2,8,17.019000000000233
gfx950,torch.bfloat16,torch.bfloat16,14,1,16,64,128,128,2,2,16,17.618999999998778
gfx950,torch.bfloat16,torch.bfloat16,15,1,16,64,128,128,4,1,16,18.259000000000015
gfx950,torch.bfloat16,torch.bfloat16,16,1,16,64,128,128,4,1,16,18.79950000000008
gfx950,torch.bfloat16,torch.bfloat16,17,1,16,64,128,128,4,4,16,20.71900000000005
gfx950,torch.bfloat16,torch.bfloat16,18,1,16,64,128,128,4,4,16,21.119000000000597
gfx950,torch.bfloat16,torch.bfloat16,19,1,16,64,128,128,8,2,16,22.03900000000067
gfx950,torch.bfloat16,torch.bfloat16,20,1,16,64,128,128,8,2,16,22.679000000000087
gfx950,torch.bfloat16,torch.bfloat16,21,1,16,64,128,128,8,1,16,23.44000000000051
gfx950,torch.bfloat16,torch.bfloat16,22,1,16,64,128,128,8,2,16,24.03949999999986
gfx950,torch.bfloat16,torch.bfloat16,23,1,16,64,128,128,8,1,16,24.920000000000073
gfx950,torch.bfloat16,torch.bfloat16,24,1,16,64,128,128,8,2,16,25.65900000000056
gfx950,torch.bfloat16,torch.bfloat16,25,1,16,64,128,128,8,2,16,26.639500000000226
gfx950,torch.bfloat16,torch.bfloat16,26,1,16,64,128,128,8,2,16,27.23950000000059
gfx950,torch.bfloat16,torch.bfloat16,27,1,16,64,128,128,8,2,16,28.079499999999825
gfx950,torch.bfloat16,torch.bfloat16,28,1,16,64,128,128,8,2,16,28.71900000000096
gfx950,torch.bfloat16,torch.bfloat16,29,1,16,64,128,128,8,2,16,29.61949999999979
gfx950,torch.bfloat16,torch.bfloat16,30,1,16,64,128,128,8,2,16,30.259499999999207
gfx950,torch.bfloat16,torch.bfloat16,31,1,16,64,128,128,8,1,16,31.15900000000056
gfx950,torch.bfloat16,torch.bfloat16,32,1,16,64,128,128,8,1,16,31.67950000000019
gfx950,torch.bfloat16,torch.bfloat16,33,1,16,64,128,128,8,1,16,32.720000000000255
gfx950,torch.bfloat16,torch.bfloat16,34,1,16,64,128,128,8,1,16,33.198999999999614
gfx950,torch.bfloat16,torch.bfloat16,35,1,16,64,128,128,8,1,16,34.139500000000226
gfx950,torch.bfloat16,torch.bfloat16,36,1,16,64,128,128,8,2,16,34.879000000000815
gfx950,torch.bfloat16,torch.bfloat16,37,1,16,64,128,128,8,2,16,35.71950000000015
gfx950,torch.bfloat16,torch.bfloat16,38,1,16,64,128,128,8,2,16,36.29949999999917
gfx950,torch.bfloat16,torch.bfloat16,39,1,16,64,128,128,8,1,16,37.339500000000044
gfx950,torch.bfloat16,torch.bfloat16,40,1,16,64,128,128,8,1,16,37.73949999999968
gfx950,torch.bfloat16,torch.bfloat16,41,1,16,64,128,128,8,1,16,38.70000000000073
gfx950,torch.bfloat16,torch.bfloat16,42,1,16,64,128,128,8,1,16,39.139499999999316
gfx950,torch.bfloat16,torch.bfloat16,43,1,16,64,128,128,8,1,16,39.998999999999796
gfx950,torch.bfloat16,torch.bfloat16,44,1,16,64,128,128,8,1,16,40.5600000000004
gfx950,torch.bfloat16,torch.bfloat16,45,1,16,64,128,128,8,1,16,41.57899999999972
gfx950,torch.bfloat16,torch.bfloat16,46,1,16,64,128,128,8,1,16,42.019500000000335
gfx950,torch.bfloat16,torch.bfloat16,47,1,16,64,128,128,8,1,16,42.99950000000081
gfx950,torch.bfloat16,torch.bfloat16,48,1,16,64,128,128,8,1,16,43.600000000000364
gfx950,torch.bfloat16,torch.bfloat16,49,1,16,64,128,128,8,1,16,44.71900000000005
gfx950,torch.bfloat16,torch.bfloat16,50,1,16,64,128,128,8,1,16,45.03900000000067
gfx950,torch.bfloat16,torch.bfloat16,51,1,16,64,128,128,8,1,16,45.71950000000015
gfx950,torch.bfloat16,torch.bfloat16,52,1,16,64,128,128,8,1,16,46.319000000000415
gfx950,torch.bfloat16,torch.bfloat16,53,1,16,64,128,128,8,1,16,47.339500000000044
gfx950,torch.bfloat16,torch.bfloat16,54,1,16,64,128,128,8,1,16,47.639000000000124
gfx950,torch.bfloat16,torch.bfloat16,55,1,16,64,128,128,8,1,16,48.71950000000015
gfx950,torch.bfloat16,torch.bfloat16,56,1,16,64,128,128,8,1,16,49.100000000000364
gfx950,torch.bfloat16,torch.bfloat16,57,1,16,64,128,128,8,1,16,50.0595000000003
gfx950,torch.bfloat16,torch.bfloat16,58,1,16,64,128,128,8,1,16,50.59949999999935
gfx950,torch.bfloat16,torch.bfloat16,59,1,16,64,128,128,8,1,16,51.5595000000003
gfx950,torch.bfloat16,torch.bfloat16,60,1,16,64,128,128,8,1,16,52.15949999999975
gfx950,torch.bfloat16,torch.bfloat16,61,1,16,64,128,128,8,1,16,53.23899999999958
gfx950,torch.bfloat16,torch.bfloat16,62,1,16,64,128,128,8,1,16,53.600000000000364
gfx950,torch.bfloat16,torch.bfloat16,63,1,16,64,128,128,8,1,16,54.47999999999956
gfx950,torch.bfloat16,torch.bfloat16,64,1,16,64,128,128,8,1,16,54.73999999999978
gfx950,torch.bfloat16,torch.bfloat16,65,1,16,64,128,128,8,1,16,55.79950000000008
gfx950,torch.bfloat16,torch.bfloat16,66,1,16,64,128,128,8,1,16,56.09950000000026
gfx950,torch.bfloat16,torch.bfloat16,67,1,16,64,128,128,8,1,16,57.1190000000006
gfx950,torch.bfloat16,torch.bfloat16,68,1,16,64,128,128,8,1,16,57.639500000000226
gfx950,torch.bfloat16,torch.bfloat16,69,1,16,64,128,128,8,1,16,58.47949999999946
gfx950,torch.bfloat16,torch.bfloat16,70,1,16,64,128,128,8,1,16,58.960000000000946
gfx950,torch.bfloat16,torch.bfloat16,71,1,16,64,128,128,8,1,16,60.14000000000033
gfx950,torch.bfloat16,torch.bfloat16,72,1,16,64,128,128,8,1,16,60.61949999999979
gfx950,torch.bfloat16,torch.bfloat16,73,1,16,64,128,128,8,1,16,61.539999999999964
gfx950,torch.bfloat16,torch.bfloat16,74,1,16,64,128,128,8,1,16,62.039999999999054
gfx950,torch.bfloat16,torch.bfloat16,75,1,16,64,128,128,8,1,16,62.92000000000007
gfx950,torch.bfloat16,torch.bfloat16,76,1,16,64,128,128,8,1,16,63.38000000000011
gfx950,torch.bfloat16,torch.bfloat16,77,1,16,64,128,128,8,1,16,64.5595000000003
gfx950,torch.bfloat16,torch.bfloat16,78,1,16,64,128,128,8,1,16,64.66000000000076
gfx950,torch.bfloat16,torch.bfloat16,79,1,16,64,128,128,8,1,16,65.89950000000044
gfx950,torch.bfloat16,torch.bfloat16,80,1,16,64,128,128,8,1,16,66.13900000000012
gfx950,torch.bfloat16,torch.bfloat16,81,1,16,64,128,128,8,1,16,67.35949999999957
gfx950,torch.bfloat16,torch.bfloat16,82,1,16,64,128,128,8,1,16,67.45999999999913
gfx950,torch.bfloat16,torch.bfloat16,83,1,16,64,128,128,8,1,16,68.67900000000009
gfx950,torch.bfloat16,torch.bfloat16,84,1,16,64,128,128,8,1,16,69.2594999999992
gfx950,torch.bfloat16,torch.bfloat16,85,1,16,64,128,128,8,1,16,69.98000000000047
gfx950,torch.bfloat16,torch.bfloat16,86,1,16,64,128,128,8,1,16,70.35999999999967
gfx950,torch.bfloat16,torch.bfloat16,87,1,16,64,128,128,8,1,16,71.60000000000036
gfx950,torch.bfloat16,torch.bfloat16,88,1,16,64,128,128,8,1,16,71.91999999999916
gfx950,torch.bfloat16,torch.bfloat16,89,1,16,64,128,128,8,1,16,72.89949999999953
gfx950,torch.bfloat16,torch.bfloat16,90,1,16,64,128,128,8,1,16,72.96000000000004
gfx950,torch.bfloat16,torch.bfloat16,91,1,16,64,128,128,8,1,16,74.31999999999971
gfx950,torch.bfloat16,torch.bfloat16,92,1,16,64,128,128,8,1,16,74.75999999999931
gfx950,torch.bfloat16,torch.bfloat16,93,1,16,64,128,128,8,1,16,75.41950000000088
gfx950,torch.bfloat16,torch.bfloat16,94,1,16,64,128,128,8,1,16,75.83950000000004
gfx950,torch.bfloat16,torch.bfloat16,95,1,16,64,128,128,8,1,16,76.92000000000007
gfx950,torch.bfloat16,torch.bfloat16,96,1,16,64,128,128,8,1,16,77.32000000000062
gfx950,torch.bfloat16,torch.bfloat16,97,1,16,64,128,128,8,1,16,78.51999999999953
gfx950,torch.bfloat16,torch.bfloat16,98,1,16,64,128,128,8,1,16,78.63999999999942
gfx950,torch.bfloat16,torch.bfloat16,99,1,16,64,128,128,8,1,16,79.75999999999931
gfx950,torch.bfloat16,torch.bfloat16,100,1,16,64,128,128,8,1,16,80.30000000000018
gfx950,torch.bfloat16,torch.bfloat16,101,1,16,64,128,128,8,1,16,81.14000000000033
gfx950,torch.bfloat16,torch.bfloat16,102,1,16,64,128,128,8,1,16,81.28000000000065
gfx950,torch.bfloat16,torch.bfloat16,103,1,16,64,128,128,8,1,16,82.55999999999949
gfx950,torch.bfloat16,torch.bfloat16,104,1,16,64,128,128,8,1,16,83.11999999999989
gfx950,torch.bfloat16,torch.bfloat16,105,1,16,64,128,128,8,1,16,84.21999999999935
gfx950,torch.bfloat16,torch.bfloat16,106,1,16,64,128,128,8,1,16,84.35999999999967
gfx950,torch.bfloat16,torch.bfloat16,107,1,16,64,128,128,8,1,16,85.3799999999992
gfx950,torch.bfloat16,torch.bfloat16,108,1,16,64,128,128,8,1,16,86.02000000000044
gfx950,torch.bfloat16,torch.bfloat16,109,1,16,64,128,128,8,1,16,86.6800000000012
gfx950,torch.bfloat16,torch.bfloat16,110,1,16,64,128,128,8,1,16,87.35999999999876
gfx950,torch.bfloat16,torch.bfloat16,111,1,16,64,128,128,8,1,16,88.19999999999982
gfx950,torch.bfloat16,torch.bfloat16,112,1,16,64,128,128,8,1,16,88.59999999999945
gfx950,torch.bfloat16,torch.bfloat16,113,1,16,64,128,128,8,1,16,89.5600000000004
gfx950,torch.bfloat16,torch.bfloat16,114,1,16,64,128,128,8,1,16,89.85999999999967
gfx950,torch.bfloat16,torch.bfloat16,115,1,16,64,128,128,8,1,16,90.82000000000153
gfx950,torch.bfloat16,torch.bfloat16,116,1,16,64,128,128,8,1,16,91.31999999999971
gfx950,torch.bfloat16,torch.bfloat16,117,1,16,64,128,128,8,1,16,92.50000000000091
gfx950,torch.bfloat16,torch.bfloat16,118,1,16,64,128,128,8,1,16,92.79999999999927
gfx950,torch.bfloat16,torch.bfloat16,119,1,16,64,128,128,8,1,16,93.40049999999974
gfx950,torch.bfloat16,torch.bfloat16,120,1,16,64,128,128,8,1,16,93.73999999999978
gfx950,torch.bfloat16,torch.bfloat16,121,1,16,64,128,128,8,1,16,94.93999999999869
gfx950,torch.bfloat16,torch.bfloat16,122,1,16,64,128,128,8,1,16,95.18049999999948
gfx950,torch.bfloat16,torch.bfloat16,123,1,16,64,128,128,8,1,16,96.30000000000018
gfx950,torch.bfloat16,torch.bfloat16,124,1,16,64,128,128,8,1,16,96.84050000000025
gfx950,torch.bfloat16,torch.bfloat16,125,1,16,64,128,128,8,1,16,97.67999999999938
gfx950,torch.bfloat16,torch.bfloat16,126,1,16,64,128,128,8,1,16,97.89999999999964
gfx950,torch.bfloat16,torch.bfloat16,127,1,16,64,128,128,8,1,16,99.42000000000007
gfx950,torch.bfloat16,torch.bfloat16,128,1,16,64,128,128,8,1,16,99.61999999999898
gfx950,torch.bfloat16,torch.float32,1,1,2,8,128,128,8,4,16,4.638999999999953
gfx950,torch.bfloat16,torch.float32,2,1,2,8,128,128,8,4,16,4.819000000000074
gfx950,torch.bfloat16,torch.float32,3,1,2,8,128,128,8,4,16,4.5190000000000055
gfx950,torch.bfloat16,torch.float32,4,1,2,8,128,128,8,4,16,4.699000000000012
gfx950,torch.bfloat16,torch.float32,5,1,2,8,128,128,8,4,16,5.158999999999992
gfx950,torch.bfloat16,torch.float32,6,1,2,8,128,128,8,4,16,5.278999999999996
gfx950,torch.bfloat16,torch.float32,7,1,2,8,128,128,8,4,16,5.419500000000028
gfx950,torch.bfloat16,torch.float32,8,1,2,8,128,128,8,4,16,5.699000000000041
gfx950,torch.bfloat16,torch.float32,9,1,2,8,128,128,8,4,16,6.158999999999992
gfx950,torch.bfloat16,torch.float32,10,1,2,8,128,128,8,4,16,6.5190000000000055
gfx950,torch.bfloat16,torch.float32,11,1,2,8,128,128,8,4,16,6.479000000000013
gfx950,torch.bfloat16,torch.float32,12,1,2,8,128,128,8,4,16,6.719000000000051
gfx950,torch.bfloat16,torch.float32,13,1,2,8,128,128,8,4,16,6.999000000000024
gfx950,torch.bfloat16,torch.float32,14,1,2,8,128,128,8,4,16,7.178999999999917
gfx950,torch.bfloat16,torch.float32,15,1,2,8,128,128,8,4,16,7.399000000000001
gfx950,torch.bfloat16,torch.float32,16,1,2,8,128,128,8,4,16,7.5190000000000055
gfx950,torch.bfloat16,torch.float32,17,1,2,8,128,128,8,4,16,7.95900000000006
gfx950,torch.bfloat16,torch.float32,18,1,2,8,128,128,8,4,16,8.218999999999994
gfx950,torch.bfloat16,torch.float32,19,1,2,8,128,128,8,4,16,8.239500000000021
gfx950,torch.bfloat16,torch.float32,20,1,2,8,128,128,8,4,16,8.499000000000024
gfx950,torch.bfloat16,torch.float32,21,1,2,8,128,128,8,4,16,8.998999999999967
gfx950,torch.bfloat16,torch.float32,22,1,2,8,128,128,8,4,16,9.19900000000007
gfx950,torch.bfloat16,torch.float32,23,1,2,8,128,128,8,4,16,9.19900000000007
gfx950,torch.bfloat16,torch.float32,24,1,2,8,128,128,8,4,16,9.519000000000005
gfx950,torch.bfloat16,torch.float32,25,1,2,8,128,128,8,4,16,9.759000000000015
gfx950,torch.bfloat16,torch.float32,26,1,2,8,128,128,8,4,16,9.999000000000024
gfx950,torch.bfloat16,torch.float32,27,1,2,8,128,128,8,4,16,10.138999999999982
gfx950,torch.bfloat16,torch.float32,28,1,2,8,128,128,8,4,16,10.278999999999996
gfx950,torch.bfloat16,torch.float32,29,1,2,8,128,128,4,4,8,10.399499999999989
gfx950,torch.bfloat16,torch.float32,30,1,2,8,128,128,8,4,16,10.559499999999957
gfx950,torch.bfloat16,torch.float32,31,1,2,8,128,128,8,4,16,10.499000000000024
gfx950,torch.bfloat16,torch.float32,32,1,2,8,128,128,8,4,16,10.779499999999985
gfx950,torch.bfloat16,torch.float32,33,1,2,8,128,128,4,4,8,11.479000000000042
gfx950,torch.bfloat16,torch.float32,34,1,2,8,128,128,8,2,8,11.599000000000046
gfx950,torch.bfloat16,torch.float32,35,1,2,8,128,128,4,4,8,11.778999999999996
gfx950,torch.bfloat16,torch.float32,36,1,2,8,128,128,8,2,8,11.779499999999985
gfx950,torch.bfloat16,torch.float32,37,1,2,8,128,128,4,4,8,12.079000000000178
gfx950,torch.bfloat16,torch.float32,38,1,2,8,128,128,4,4,8,12.298999999999978
gfx950,torch.bfloat16,torch.float32,39,1,2,8,128,128,4,4,8,12.33900000000017
gfx950,torch.bfloat16,torch.float32,40,1,2,8,128,128,4,4,8,12.359000000000037
gfx950,torch.bfloat16,torch.float32,41,1,2,8,128,128,8,2,8,12.919499999999857
gfx950,torch.bfloat16,torch.float32,42,1,2,8,128,128,8,2,8,13.058999999999969
gfx950,torch.bfloat16,torch.float32,43,1,2,8,128,128,8,2,8,13.239000000000033
gfx950,torch.bfloat16,torch.float32,44,1,2,8,128,128,4,4,8,13.479000000000042
gfx950,torch.bfloat16,torch.float32,45,1,2,8,128,128,4,4,8,13.679499999999962
gfx950,torch.bfloat16,torch.float32,46,1,2,8,128,128,2,4,16,13.798999999999978
gfx950,torch.bfloat16,torch.float32,47,1,2,8,128,128,4,4,8,13.839500000000044
gfx950,torch.bfloat16,torch.float32,48,1,2,8,128,128,4,4,32,13.999000000000024
gfx950,torch.bfloat16,torch.float32,49,1,2,8,128,128,8,4,16,14.579000000000065
gfx950,torch.bfloat16,torch.float32,50,1,2,8,128,128,8,4,16,14.739500000000021
gfx950,torch.bfloat16,torch.float32,51,1,2,8,128,128,8,4,16,14.998999999999853
gfx950,torch.bfloat16,torch.float32,52,1,2,8,128,128,8,4,16,14.919000000000096
gfx950,torch.bfloat16,torch.float32,53,1,2,8,128,128,8,4,16,15.239000000000033
gfx950,torch.bfloat16,torch.float32,54,1,2,8,128,128,4,4,8,15.31899999999996
gfx950,torch.bfloat16,torch.float32,55,1,2,8,128,128,4,4,8,15.359000000000151
gfx950,torch.bfloat16,torch.float32,56,1,2,8,128,128,4,4,8,15.379499999999894
gfx950,torch.bfloat16,torch.float32,57,1,2,8,128,128,8,1,16,15.83949999999993
gfx950,torch.bfloat16,torch.float32,58,1,2,8,128,128,8,1,16,16.07899999999995
gfx950,torch.bfloat16,torch.float32,59,1,2,8,128,128,8,1,16,16.279499999999985
gfx950,torch.bfloat16,torch.float32,60,1,2,8,128,128,8,1,16,16.55899999999997
gfx950,torch.bfloat16,torch.float32,61,1,2,8,128,128,8,1,16,16.89949999999999
gfx950,torch.bfloat16,torch.float32,62,1,2,8,128,128,8,1,16,16.91899999999987
gfx950,torch.bfloat16,torch.float32,63,1,2,8,128,128,8,1,16,17.119000000000028
gfx950,torch.bfloat16,torch.float32,64,1,2,8,128,128,8,1,16,17.158999999999992
gfx950,torch.bfloat16,torch.float32,65,1,2,8,128,128,8,4,16,17.499500000000012
gfx950,torch.bfloat16,torch.float32,66,1,2,8,128,128,8,4,16,17.739000000000033
gfx950,torch.bfloat16,torch.float32,67,1,2,8,128,128,8,4,16,17.960000000000036
gfx950,torch.bfloat16,torch.float32,68,1,2,8,128,128,8,2,8,18.038999999999987
gfx950,torch.bfloat16,torch.float32,69,1,2,8,128,128,8,4,16,18.199500000000057
gfx950,torch.bfloat16,torch.float32,70,1,2,8,128,128,8,4,16,18.439500000000066
gfx950,torch.bfloat16,torch.float32,71,1,2,8,128,128,4,4,8,18.45900000000006
gfx950,torch.bfloat16,torch.float32,72,1,2,8,128,128,4,4,8,18.679500000000075
gfx950,torch.bfloat16,torch.float32,73,1,2,8,128,128,8,2,8,18.879500000000007
gfx950,torch.bfloat16,torch.float32,74,1,2,8,128,128,8,4,16,19.119000000000142
gfx950,torch.bfloat16,torch.float32,75,1,2,8,128,128,8,2,8,19.259500000000003
gfx950,torch.bfloat16,torch.float32,76,1,2,8,128,128,8,2,8,19.499500000000012
gfx950,torch.bfloat16,torch.float32,77,1,2,8,128,128,8,4,16,19.63900000000001
gfx950,torch.bfloat16,torch.float32,78,1,2,8,128,128,8,4,16,19.798999999999978
gfx950,torch.bfloat16,torch.float32,79,1,2,8,128,128,8,4,16,19.93949999999984
gfx950,torch.bfloat16,torch.float32,80,1,2,8,128,128,4,4,8,20.09899999999982
gfx950,torch.bfloat16,torch.float32,81,1,2,8,128,128,8,4,16,20.298999999999978
gfx950,torch.bfloat16,torch.float32,82,1,2,8,128,128,8,4,16,20.639000000000124
gfx950,torch.bfloat16,torch.float32,83,1,2,8,128,128,8,4,16,20.679000000000087
gfx950,torch.bfloat16,torch.float32,84,1,2,8,128,128,8,2,8,20.838999999999942
gfx950,torch.bfloat16,torch.float32,85,1,2,8,128,128,8,4,16,20.97950000000003
gfx950,torch.bfloat16,torch.float32,86,1,2,8,128,128,8,4,16,21.21900000000005
gfx950,torch.bfloat16,torch.float32,87,1,2,8,128,128,8,4,16,21.45900000000006
gfx950,torch.bfloat16,torch.float32,88,1,2,8,128,128,8,4,16,21.399000000000058
gfx950,torch.bfloat16,torch.float32,89,1,2,8,128,128,8,4,16,21.519000000000062
gfx950,torch.bfloat16,torch.float32,90,1,2,8,128,128,8,4,16,21.959500000000048
gfx950,torch.bfloat16,torch.float32,91,1,2,8,128,128,8,4,16,22.039499999999975
gfx950,torch.bfloat16,torch.float32,92,1,2,8,128,128,8,4,16,22.21900000000005
gfx950,torch.bfloat16,torch.float32,93,1,2,8,128,128,8,4,16,22.419000000000096
gfx950,torch.bfloat16,torch.float32,94,1,2,8,128,128,8,2,8,22.57899999999995
gfx950,torch.bfloat16,torch.float32,95,1,2,8,128,128,8,4,16,22.638999999999953
gfx950,torch.bfloat16,torch.float32,96,1,2,8,128,128,8,4,16,22.798999999999978
gfx950,torch.bfloat16,torch.float32,97,1,2,8,128,128,8,4,16,22.960000000000036
gfx950,torch.bfloat16,torch.float32,98,1,2,8,128,128,8,4,16,23.219499999999925
gfx950,torch.bfloat16,torch.float32,99,1,2,8,128,128,8,4,16,23.379500000000064
gfx950,torch.bfloat16,torch.float32,100,1,2,8,128,128,8,2,8,23.519000000000005
gfx950,torch.bfloat16,torch.float32,101,1,2,8,128,128,8,4,16,23.720000000000027
gfx950,torch.bfloat16,torch.float32,102,1,2,8,128,128,8,2,8,23.959500000000048
gfx950,torch.bfloat16,torch.float32,103,1,2,8,128,128,8,2,8,23.899499999999875
gfx950,torch.bfloat16,torch.float32,104,1,2,8,128,128,8,2,8,24.019999999999982
gfx950,torch.bfloat16,torch.float32,105,1,2,8,128,128,8,2,8,24.319499999999948
gfx950,torch.bfloat16,torch.float32,106,1,2,8,128,128,8,2,8,24.499500000000012
gfx950,torch.bfloat16,torch.float32,107,1,2,8,128,128,8,2,8,24.639499999999998
gfx950,torch.bfloat16,torch.float32,108,1,2,8,128,128,8,2,8,24.799499999999966
gfx950,torch.bfloat16,torch.float32,109,1,2,8,128,128,8,2,8,24.899499999999875
gfx950,torch.bfloat16,torch.float32,110,1,2,8,128,128,4,4,8,25.179500000000075
gfx950,torch.bfloat16,torch.float32,111,1,2,8,128,128,8,2,8,25.259500000000003
gfx950,torch.bfloat16,torch.float32,112,1,2,8,128,128,4,4,8,25.399
gfx950,torch.bfloat16,torch.float32,113,1,2,8,128,128,8,2,8,25.679000000000087
gfx950,torch.bfloat16,torch.float32,114,1,2,8,128,128,8,2,8,25.919499999999914
gfx950,torch.bfloat16,torch.float32,115,1,2,8,128,128,8,2,8,25.939000000000078
gfx950,torch.bfloat16,torch.float32,116,1,2,8,128,128,8,2,8,26.099500000000035
gfx950,torch.bfloat16,torch.float32,117,1,2,8,128,128,8,2,8,26.45900000000006
gfx950,torch.bfloat16,torch.float32,118,1,2,8,128,128,8,2,8,26.559999999999945
gfx950,torch.bfloat16,torch.float32,119,1,2,8,128,128,8,4,16,26.67900000000003
gfx950,torch.bfloat16,torch.float32,120,1,2,8,128,128,8,2,8,26.739499999999964
gfx950,torch.bfloat16,torch.float32,121,1,2,8,128,128,8,2,8,26.95900000000006
gfx950,torch.bfloat16,torch.float32,122,1,2,8,128,128,8,2,8,27.1189999999998
gfx950,torch.bfloat16,torch.float32,123,1,2,8,128,128,8,2,8,27.23950000000002
gfx950,torch.bfloat16,torch.float32,124,1,2,8,128,128,8,2,8,27.339500000000044
gfx950,torch.bfloat16,torch.float32,125,1,2,8,128,128,8,2,8,27.599000000000103
gfx950,torch.bfloat16,torch.float32,126,1,2,8,128,128,8,2,8,27.838999999999942
gfx950,torch.bfloat16,torch.float32,127,1,2,8,128,128,8,2,8,27.91899999999987
gfx950,torch.bfloat16,torch.float32,128,1,2,8,128,128,8,2,8,28.05899999999997
gfx950,torch.bfloat16,torch.float32,1,1,4,8,128,128,8,4,16,4.579000000000065
gfx950,torch.bfloat16,torch.float32,2,1,4,8,128,128,8,4,16,4.719000000000051
gfx950,torch.bfloat16,torch.float32,3,1,4,8,128,128,8,4,16,4.579000000000008
gfx950,torch.bfloat16,torch.float32,4,1,4,8,128,128,8,4,16,4.798999999999978
gfx950,torch.bfloat16,torch.float32,5,1,4,8,128,128,8,4,16,5.1189999999999145
gfx950,torch.bfloat16,torch.float32,6,1,4,8,128,128,8,4,16,5.31899999999996
gfx950,torch.bfloat16,torch.float32,7,1,4,8,128,128,8,4,16,5.439000000000078
gfx950,torch.bfloat16,torch.float32,8,1,4,8,128,128,8,4,16,5.639000000000067
gfx950,torch.bfloat16,torch.float32,9,1,4,8,128,128,8,4,16,6.158999999999935
gfx950,torch.bfloat16,torch.float32,10,1,4,8,128,128,8,1,4,6.479000000000042
gfx950,torch.bfloat16,torch.float32,11,1,4,8,128,128,8,4,16,6.479000000000042
gfx950,torch.bfloat16,torch.float32,12,1,4,8,128,128,8,4,16,6.699000000000069
gfx950,torch.bfloat16,torch.float32,13,1,4,8,128,128,8,4,16,7.038999999999987
gfx950,torch.bfloat16,torch.float32,14,1,4,8,128,128,8,4,16,7.2190000000000225
gfx950,torch.bfloat16,torch.float32,15,1,4,8,128,128,8,4,16,7.318999999999988
gfx950,torch.bfloat16,torch.float32,16,1,4,8,128,128,8,4,16,7.538999999999987
gfx950,torch.bfloat16,torch.float32,17,1,4,8,128,128,8,4,16,7.959500000000048
gfx950,torch.bfloat16,torch.float32,18,1,4,8,128,128,8,4,16,8.319000000000017
gfx950,torch.bfloat16,torch.float32,19,1,4,8,128,128,8,4,16,8.398999999999887
gfx950,torch.bfloat16,torch.float32,20,1,4,8,128,128,8,4,16,8.59899999999999
gfx950,torch.bfloat16,torch.float32,21,1,4,8,128,128,8,4,16,8.85950000000014
gfx950,torch.bfloat16,torch.float32,22,1,4,8,128,128,8,4,16,9.120000000000005
gfx950,torch.bfloat16,torch.float32,23,1,4,8,128,128,8,4,16,9.219000000000051
gfx950,torch.bfloat16,torch.float32,24,1,4,8,128,128,8,4,16,9.198999999999955
gfx950,torch.bfloat16,torch.float32,25,1,4,8,128,128,8,4,16,9.85899999999998
gfx950,torch.bfloat16,torch.float32,26,1,4,8,128,128,8,4,16,9.999000000000024
gfx950,torch.bfloat16,torch.float32,27,1,4,8,128,128,4,4,8,10.139499999999998
gfx950,torch.bfloat16,torch.float32,28,1,4,8,128,128,8,4,16,10.098999999999933
gfx950,torch.bfloat16,torch.float32,29,1,4,8,128,128,8,4,16,10.518999999999892
gfx950,torch.bfloat16,torch.float32,30,1,4,8,128,128,8,4,16,10.619000000000028
gfx950,torch.bfloat16,torch.float32,31,1,4,8,128,128,4,4,8,10.739500000000021
gfx950,torch.bfloat16,torch.float32,32,1,4,8,128,128,8,4,16,10.679500000000075
gfx950,torch.bfloat16,torch.float32,33,1,4,8,128,128,4,4,8,11.479000000000042
gfx950,torch.bfloat16,torch.float32,34,1,4,8,128,128,8,2,8,11.759000000000128
gfx950,torch.bfloat16,torch.float32,35,1,4,8,128,128,8,2,8,11.719000000000051
gfx950,torch.bfloat16,torch.float32,36,1,4,8,128,128,8,2,8,11.81899999999996
gfx950,torch.bfloat16,torch.float32,37,1,4,8,128,128,8,4,16,12.158999999999992
gfx950,torch.bfloat16,torch.float32,38,1,4,8,128,128,8,2,8,12.359000000000037
gfx950,torch.bfloat16,torch.float32,39,1,4,8,128,128,4,4,8,12.178999999999974
gfx950,torch.bfloat16,torch.float32,40,1,4,8,128,128,4,4,8,12.499500000000012
gfx950,torch.bfloat16,torch.float32,41,1,4,8,128,128,8,2,8,12.899000000000115
gfx950,torch.bfloat16,torch.float32,42,1,4,8,128,128,2,4,16,13.278999999999996
gfx950,torch.bfloat16,torch.float32,43,1,4,8,128,128,2,4,16,13.319999999999936
gfx950,torch.bfloat16,torch.float32,44,1,4,8,128,128,8,2,8,13.45900000000006
gfx950,torch.bfloat16,torch.float32,45,1,4,8,128,128,2,4,16,13.698999999999955
gfx950,torch.bfloat16,torch.float32,46,1,4,8,128,128,2,4,16,13.799000000000092
gfx950,torch.bfloat16,torch.float32,47,1,4,8,128,128,8,2,32,14.059499999999957
gfx950,torch.bfloat16,torch.float32,48,1,4,8,128,128,4,4,8,13.918999999999869
gfx950,torch.bfloat16,torch.float32,49,1,4,8,128,128,8,4,16,14.5
gfx950,torch.bfloat16,torch.float32,50,1,4,8,128,128,4,2,16,14.839500000000044
gfx950,torch.bfloat16,torch.float32,51,1,4,8,128,128,8,4,16,14.939499999999782
gfx950,torch.bfloat16,torch.float32,52,1,4,8,128,128,8,4,16,15.079000000000065
gfx950,torch.bfloat16,torch.float32,53,1,4,8,128,128,8,4,16,15.259000000000015
gfx950,torch.bfloat16,torch.float32,54,1,4,8,128,128,4,4,8,15.358999999999924
gfx950,torch.bfloat16,torch.float32,55,1,4,8,128,128,4,4,8,15.559500000000071
gfx950,torch.bfloat16,torch.float32,56,1,4,8,128,128,4,4,8,15.418999999999869
gfx950,torch.bfloat16,torch.float32,57,1,4,8,128,128,8,1,16,15.878999999999905
gfx950,torch.bfloat16,torch.float32,58,1,4,8,128,128,8,1,16,16.21900000000005
gfx950,torch.bfloat16,torch.float32,59,1,4,8,128,128,2,4,16,16.47950000000003
gfx950,torch.bfloat16,torch.float32,60,1,4,8,128,128,2,4,16,16.599499999999978
gfx950,torch.bfloat16,torch.float32,61,1,4,8,128,128,8,1,16,16.838999999999942
gfx950,torch.bfloat16,torch.float32,62,1,4,8,128,128,8,4,16,16.960000000000036
gfx950,torch.bfloat16,torch.float32,63,1,4,8,128,128,8,4,16,17.139000000000067
gfx950,torch.bfloat16,torch.float32,64,1,4,8,128,128,8,4,16,17.298999999999978
gfx950,torch.bfloat16,torch.float32,65,1,4,8,128,128,8,2,8,17.659499999999866
gfx950,torch.bfloat16,torch.float32,66,1,4,8,128,128,8,4,16,17.859000000000037
gfx950,torch.bfloat16,torch.float32,67,1,4,8,128,128,8,4,16,17.899499999999932
gfx950,torch.bfloat16,torch.float32,68,1,4,8,128,128,8,4,16,18.119000000000085
gfx950,torch.bfloat16,torch.float32,69,1,4,8,128,128,8,2,8,18.298999999999978
gfx950,torch.bfloat16,torch.float32,70,1,4,8,128,128,8,4,16,18.439000000000078
gfx950,torch.bfloat16,torch.float32,71,1,4,8,128,128,8,2,8,18.519000000000005
gfx950,torch.bfloat16,torch.float32,72,1,4,8,128,128,8,2,8,18.678999999999974
gfx950,torch.bfloat16,torch.float32,73,1,4,8,128,128,8,2,8,18.918999999999983
gfx950,torch.bfloat16,torch.float32,74,1,4,8,128,128,8,2,8,19.278999999999996
gfx950,torch.bfloat16,torch.float32,75,1,4,8,128,128,8,2,8,19.519000000000005
gfx950,torch.bfloat16,torch.float32,76,1,4,8,128,128,8,4,16,19.5
gfx950,torch.bfloat16,torch.float32,77,1,4,8,128,128,8,2,8,19.799000000000035
gfx950,torch.bfloat16,torch.float32,78,1,4,8,128,128,8,4,16,19.919500000000085
gfx950,torch.bfloat16,torch.float32,79,1,4,8,128,128,8,4,16,19.938999999999908
gfx950,torch.bfloat16,torch.float32,80,1,4,8,128,128,8,4,16,20.099000000000046
gfx950,torch.bfloat16,torch.float32,81,1,4,8,128,128,8,4,16,20.299499999999853
gfx950,torch.bfloat16,torch.float32,82,1,4,8,128,128,8,4,16,20.599000000000046
gfx950,torch.bfloat16,torch.float32,83,1,4,8,128,128,8,2,8,20.898999999999887
gfx950,torch.bfloat16,torch.float32,84,1,4,8,128,128,8,4,16,20.899
gfx950,torch.bfloat16,torch.float32,85,1,4,8,128,128,8,4,16,21.07899999999995
gfx950,torch.bfloat16,torch.float32,86,1,4,8,128,128,8,4,16,21.158999999999878
gfx950,torch.bfloat16,torch.float32,87,1,4,8,128,128,8,4,16,21.298999999999978
gfx950,torch.bfloat16,torch.float32,88,1,4,8,128,128,8,4,16,21.379500000000007
gfx950,torch.bfloat16,torch.float32,89,1,4,8,128,128,8,4,16,21.519499999999994
gfx950,torch.bfloat16,torch.float32,90,1,4,8,128,128,8,4,16,21.819500000000176
gfx950,torch.bfloat16,torch.float32,91,1,4,8,128,128,8,4,16,22.09899999999999
gfx950,torch.bfloat16,torch.float32,92,1,4,8,128,128,8,4,16,22.200000000000045
gfx950,torch.bfloat16,torch.float32,93,1,4,8,128,128,8,4,16,22.43949999999984
gfx950,torch.bfloat16,torch.float32,94,1,4,8,128,128,8,2,8,22.598999999999933
gfx950,torch.bfloat16,torch.float32,95,1,4,8,128,128,8,4,16,22.679999999999893
gfx950,torch.bfloat16,torch.float32,96,1,4,8,128,128,8,4,16,22.838999999999942
gfx950,torch.bfloat16,torch.float32,97,1,4,8,128,128,8,4,16,23.0
gfx950,torch.bfloat16,torch.float32,98,1,4,8,128,128,8,2,8,23.21949999999987
gfx950,torch.bfloat16,torch.float32,99,1,4,8,128,128,8,4,16,23.319500000000005
gfx950,torch.bfloat16,torch.float32,100,1,4,8,128,128,8,4,16,23.619000000000085
gfx950,torch.bfloat16,torch.float32,101,1,4,8,128,128,8,4,16,23.718999999999824
gfx950,torch.bfloat16,torch.float32,102,1,4,8,128,128,8,4,16,23.899500000000103
gfx950,torch.bfloat16,torch.float32,103,1,4,8,128,128,8,4,16,24.019499999999994
gfx950,torch.bfloat16,torch.float32,104,1,4,8,128,128,4,4,8,24.199500000000057
gfx950,torch.bfloat16,torch.float32,105,1,4,8,128,128,8,2,8,24.359500000000082
gfx950,torch.bfloat16,torch.float32,106,1,4,8,128,128,8,2,8,24.55899999999997
gfx950,torch.bfloat16,torch.float32,107,1,4,8,128,128,8,2,8,24.67900000000003
gfx950,torch.bfloat16,torch.float32,108,1,4,8,128,128,8,2,8,24.97950000000003
gfx950,torch.bfloat16,torch.float32,109,1,4,8,128,128,8,2,8,25.118999999999915
gfx950,torch.bfloat16,torch.float32,110,1,4,8,128,128,8,2,8,25.298999999999978
gfx950,torch.bfloat16,torch.float32,111,1,4,8,128,128,8,2,8,25.338999999999942
gfx950,torch.bfloat16,torch.float32,112,1,4,8,128,128,8,2,8,25.459499999999935
gfx950,torch.bfloat16,torch.float32,113,1,4,8,128,128,8,4,16,25.679500000000075
gfx950,torch.bfloat16,torch.float32,114,1,4,8,128,128,8,2,8,25.798999999999978
gfx950,torch.bfloat16,torch.float32,115,1,4,8,128,128,8,2,8,26.139499999999884
gfx950,torch.bfloat16,torch.float32,116,1,4,8,128,128,8,2,8,26.219999999999914
gfx950,torch.bfloat16,torch.float32,117,1,4,8,128,128,8,2,8,26.439500000000066
gfx950,torch.bfloat16,torch.float32,118,1,4,8,128,128,8,4,16,26.678999999999974
gfx950,torch.bfloat16,torch.float32,119,1,4,8,128,128,8,2,8,26.679500000000075
gfx950,torch.bfloat16,torch.float32,120,1,4,8,128,128,8,2,8,26.85900000000015
gfx950,torch.bfloat16,torch.float32,121,1,4,8,128,128,8,2,8,26.919499999999744
gfx950,torch.bfloat16,torch.float32,122,1,4,8,128,128,8,2,8,27.219500000000153
gfx950,torch.bfloat16,torch.float32,123,1,4,8,128,128,8,2,8,27.338999999999942
gfx950,torch.bfloat16,torch.float32,124,1,4,8,128,128,8,2,8,27.459499999999935
gfx950,torch.bfloat16,torch.float32,125,1,4,8,128,128,8,2,8,27.659000000000106
gfx950,torch.bfloat16,torch.float32,126,1,4,8,128,128,8,2,8,27.859000000000094
gfx950,torch.bfloat16,torch.float32,127,1,4,8,128,128,8,2,8,27.859500000000025
gfx950,torch.bfloat16,torch.float32,128,1,4,8,128,128,8,2,8,28.099499999999978
gfx950,torch.bfloat16,torch.float32,1,1,16,32,128,128,8,4,16,5.079000000000178
gfx950,torch.bfloat16,torch.float32,2,1,16,32,128,128,8,4,16,6.179000000000087
gfx950,torch.bfloat16,torch.float32,3,1,16,32,128,128,8,4,16,7.199000000000069
gfx950,torch.bfloat16,torch.float32,4,1,16,32,128,128,8,4,16,7.958999999999833
gfx950,torch.bfloat16,torch.float32,5,1,16,32,128,128,8,4,16,9.098999999999705
gfx950,torch.bfloat16,torch.float32,6,1,16,32,128,128,8,4,16,9.639000000000124
gfx950,torch.bfloat16,torch.float32,7,1,16,32,128,128,8,4,16,10.579000000000178
gfx950,torch.bfloat16,torch.float32,8,1,16,32,128,128,4,4,8,11.099999999999909
gfx950,torch.bfloat16,torch.float32,9,1,16,32,128,128,4,4,8,12.159499999999753
gfx950,torch.bfloat16,torch.float32,10,1,16,32,128,128,8,2,8,12.978999999999814
gfx950,torch.bfloat16,torch.float32,11,1,16,32,128,128,8,2,8,13.838999999999942
gfx950,torch.bfloat16,torch.float32,12,1,16,32,128,128,4,4,8,14.199500000000171
gfx950,torch.bfloat16,torch.float32,13,1,16,32,128,128,4,4,8,15.478999999999814
gfx950,torch.bfloat16,torch.float32,14,1,16,32,128,128,4,4,8,15.81899999999996
gfx950,torch.bfloat16,torch.float32,15,1,16,32,128,128,8,2,8,17.098999999999705
gfx950,torch.bfloat16,torch.float32,16,1,16,32,128,128,8,4,16,17.639000000000124
gfx950,torch.bfloat16,torch.float32,17,1,16,32,128,128,4,4,8,18.53899999999976
gfx950,torch.bfloat16,torch.float32,18,1,16,32,128,128,4,4,8,19.059999999999945
gfx950,torch.bfloat16,torch.float32,19,1,16,32,128,128,8,2,8,19.91899999999987
gfx950,torch.bfloat16,torch.float32,20,1,16,32,128,128,8,4,16,20.37900000000036
gfx950,torch.bfloat16,torch.float32,21,1,16,32,128,128,8,2,8,21.278999999999996
gfx950,torch.bfloat16,torch.float32,22,1,16,32,128,128,8,4,16,21.679000000000087
gfx950,torch.bfloat16,torch.float32,23,1,16,32,128,128,8,2,8,22.679000000000087
gfx950,torch.bfloat16,torch.float32,24,1,16,32,128,128,4,4,8,23.179499999999734
gfx950,torch.bfloat16,torch.float32,25,1,16,32,128,128,8,4,16,23.839000000000397
gfx950,torch.bfloat16,torch.float32,26,1,16,32,128,128,4,4,8,24.419499999999516
gfx950,torch.bfloat16,torch.float32,27,1,16,32,128,128,8,2,8,25.19900000000007
gfx950,torch.bfloat16,torch.float32,28,1,16,32,128,128,8,2,8,25.639500000000226
gfx950,torch.bfloat16,torch.float32,29,1,16,32,128,128,8,2,8,26.7800000000002
gfx950,torch.bfloat16,torch.float32,30,1,16,32,128,128,8,2,8,27.159499999999753
gfx950,torch.bfloat16,torch.float32,31,1,16,32,128,128,8,4,16,28.059000000000196
gfx950,torch.bfloat16,torch.float32,32,1,16,32,128,128,8,4,16,28.398999999999887
gfx950,torch.bfloat16,torch.float32,33,1,16,32,128,128,8,2,8,29.238999999999578
gfx950,torch.bfloat16,torch.float32,34,1,16,32,128,128,8,2,8,29.839500000000044
gfx950,torch.bfloat16,torch.float32,35,1,16,32,128,128,4,4,8,30.75949999999966
gfx950,torch.bfloat16,torch.float32,36,1,16,32,128,128,8,2,8,31.159500000000662
gfx950,torch.bfloat16,torch.float32,37,1,16,32,128,128,8,2,8,32.17900000000054
gfx950,torch.bfloat16,torch.float32,38,1,16,32,128,128,8,2,8,32.579499999999825
gfx950,torch.bfloat16,torch.float32,39,1,16,32,128,128,8,2,8,33.399500000000444
gfx950,torch.bfloat16,torch.float32,40,1,16,32,128,128,8,2,8,33.93899999999985
gfx950,torch.bfloat16,torch.float32,41,1,16,32,128,128,8,2,8,34.81950000000006
gfx950,torch.bfloat16,torch.float32,42,1,16,32,128,128,8,2,8,35.41949999999997
gfx950,torch.bfloat16,torch.float32,43,1,16,32,128,128,8,2,8,36.13949999999977
gfx950,torch.bfloat16,torch.float32,44,1,16,32,128,128,4,4,8,36.75949999999966
gfx950,torch.bfloat16,torch.float32,45,1,16,32,128,128,8,2,8,37.778999999999996
gfx950,torch.bfloat16,torch.float32,46,1,16,32,128,128,8,2,8,38.09999999999991
gfx950,torch.bfloat16,torch.float32,47,1,16,32,128,128,8,2,8,38.90000000000009
gfx950,torch.bfloat16,torch.float32,48,1,16,32,128,128,4,4,8,39.57899999999972
gfx950,torch.bfloat16,torch.float32,49,1,16,32,128,128,8,2,8,40.43949999999995
gfx950,torch.bfloat16,torch.float32,50,1,16,32,128,128,8,2,8,40.979499999999916
gfx950,torch.bfloat16,torch.float32,51,1,16,32,128,128,8,2,8,41.859500000000025
gfx950,torch.bfloat16,torch.float32,52,1,16,32,128,128,8,2,8,42.258999999999105
gfx950,torch.bfloat16,torch.float32,53,1,16,32,128,128,8,4,16,43.399499999999534
gfx950,torch.bfloat16,torch.float32,54,1,16,32,128,128,8,2,8,43.4394999999995
gfx950,torch.bfloat16,torch.float32,55,1,16,32,128,128,8,2,8,44.67950000000019
gfx950,torch.bfloat16,torch.float32,56,1,16,32,128,128,4,4,8,45.05950000000075
gfx950,torch.bfloat16,torch.float32,57,1,16,32,128,128,8,2,8,46.0590000000002
gfx950,torch.bfloat16,torch.float32,58,1,16,32,128,128,4,4,8,46.479499999999916
gfx950,torch.bfloat16,torch.float32,59,1,16,32,128,128,8,2,8,47.45950000000039
gfx950,torch.bfloat16,torch.float32,60,1,16,32,128,128,8,2,8,47.839500000000044
gfx950,torch.bfloat16,torch.float32,61,1,16,32,128,128,8,2,8,48.719000000000506
gfx950,torch.bfloat16,torch.float32,62,1,16,32,128,128,8,2,8,48.7795000000001
gfx950,torch.bfloat16,torch.float32,63,1,16,32,128,128,8,2,8,49.67950000000019
gfx950,torch.bfloat16,torch.float32,64,1,16,32,128,128,8,2,8,50.01999999999998
gfx950,torch.bfloat16,torch.float32,65,1,16,32,128,128,8,2,8,50.98000000000002
gfx950,torch.bfloat16,torch.float32,66,1,16,32,128,128,8,2,8,51.7795000000001
gfx950,torch.bfloat16,torch.float32,67,1,16,32,128,128,8,2,8,52.79950000000008
gfx950,torch.bfloat16,torch.float32,68,1,16,32,128,128,8,2,8,53.40000000000009
gfx950,torch.bfloat16,torch.float32,69,1,16,32,128,128,8,2,8,53.9994999999999
gfx950,torch.bfloat16,torch.float32,70,1,16,32,128,128,4,4,8,54.73900000000003
gfx950,torch.bfloat16,torch.float32,71,1,16,32,128,128,4,4,8,55.959499999999935
gfx950,torch.bfloat16,torch.float32,72,1,16,32,128,128,8,2,8,56.259500000000116
gfx950,torch.bfloat16,torch.float32,73,1,16,32,128,128,8,2,8,57.359499999999116
gfx950,torch.bfloat16,torch.float32,74,1,16,32,128,128,8,2,8,57.7199999999998
gfx950,torch.bfloat16,torch.float32,75,1,16,32,128,128,8,2,8,58.61900000000014
gfx950,torch.bfloat16,torch.float32,76,1,16,32,128,128,8,2,8,59.04000000000042
gfx950,torch.bfloat16,torch.float32,77,1,16,32,128,128,4,4,8,60.07999999999993
gfx950,torch.bfloat16,torch.float32,78,1,16,32,128,128,8,2,8,60.19999999999982
gfx950,torch.bfloat16,torch.float32,79,1,16,32,128,128,8,2,8,61.23999999999978
gfx950,torch.bfloat16,torch.float32,80,1,16,32,128,128,8,2,8,61.35900000000038
gfx950,torch.bfloat16,torch.float32,81,1,16,32,128,128,8,2,8,62.659999999999854
gfx950,torch.bfloat16,torch.float32,82,1,16,32,128,128,4,4,8,63.23950000000059
gfx950,torch.bfloat16,torch.float32,83,1,16,32,128,128,8,2,8,64.29950000000008
gfx950,torch.bfloat16,torch.float32,84,1,16,32,128,128,4,4,8,64.93949999999995
gfx950,torch.bfloat16,torch.float32,85,1,16,32,128,128,8,2,8,65.79999999999973
gfx950,torch.bfloat16,torch.float32,86,1,16,32,128,128,4,4,8,66.03949999999986
gfx950,torch.bfloat16,torch.float32,87,1,16,32,128,128,8,2,8,66.9989999999998
gfx950,torch.bfloat16,torch.float32,88,1,16,32,128,128,4,4,8,67.46000000000004
gfx950,torch.bfloat16,torch.float32,89,1,16,32,128,128,8,2,8,68.5
gfx950,torch.bfloat16,torch.float32,90,1,16,32,128,128,8,2,8,69.01999999999998
gfx950,torch.bfloat16,torch.float32,91,1,16,32,128,128,8,2,8,70.22000000000025
gfx950,torch.bfloat16,torch.float32,92,1,16,32,128,128,8,2,8,70.36000000000013
gfx950,torch.bfloat16,torch.float32,93,1,16,32,128,128,8,2,8,71.88000000000011
gfx950,torch.bfloat16,torch.float32,94,1,16,32,128,128,4,4,8,72.09999999999991
gfx950,torch.bfloat16,torch.float32,95,1,16,32,128,128,8,4,32,73.13999999999987
gfx950,torch.bfloat16,torch.float32,96,1,16,32,128,128,8,4,16,73.31950000000006
gfx950,torch.bfloat16,torch.float32,97,1,16,32,128,128,8,2,8,74.70000000000073
gfx950,torch.bfloat16,torch.float32,98,1,16,32,128,128,4,4,8,74.69999999999982
gfx950,torch.bfloat16,torch.float32,99,1,16,32,128,128,4,4,8,76.02000000000044
gfx950,torch.bfloat16,torch.float32,100,1,16,32,128,128,4,4,8,76.53999999999951
gfx950,torch.bfloat16,torch.float32,101,1,16,32,128,128,8,4,32,77.27999999999975
gfx950,torch.bfloat16,torch.float32,102,1,16,32,128,128,4,4,8,77.5600000000004
gfx950,torch.bfloat16,torch.float32,103,1,16,32,128,128,8,4,32,78.66000000000031
gfx950,torch.bfloat16,torch.float32,104,1,16,32,128,128,4,4,8,79.25999999999976
gfx950,torch.bfloat16,torch.float32,105,1,16,32,128,128,4,4,8,80.38000000000011
gfx950,torch.bfloat16,torch.float32,106,1,16,32,128,128,8,4,16,80.72000000000025
gfx950,torch.bfloat16,torch.float32,107,1,16,32,128,128,8,2,8,81.48000000000002
gfx950,torch.bfloat16,torch.float32,108,1,16,32,128,128,4,4,8,81.73949999999968
gfx950,torch.bfloat16,torch.float32,109,1,16,32,128,128,8,2,8,83.0600000000004
gfx950,torch.bfloat16,torch.float32,110,1,16,32,128,128,8,2,8,83.41999999999962
gfx950,torch.bfloat16,torch.float32,111,1,16,32,128,128,8,2,8,84.01999999999998
gfx950,torch.bfloat16,torch.float32,112,1,16,32,128,128,4,4,8,84.91999999999916
gfx950,torch.bfloat16,torch.float32,113,1,16,32,128,128,4,4,8,85.69999999999891
gfx950,torch.bfloat16,torch.float32,114,1,16,32,128,128,4,4,8,85.49999999999955
gfx950,torch.bfloat16,torch.float32,115,1,16,32,128,128,4,4,8,87.00000000000045
gfx950,torch.bfloat16,torch.float32,116,1,16,32,128,128,4,4,8,87.34000000000015
gfx950,torch.bfloat16,torch.float32,117,1,16,32,128,128,4,4,8,88.37999999999965
gfx950,torch.bfloat16,torch.float32,118,1,16,32,128,128,4,4,8,88.77999999999975
gfx950,torch.bfloat16,torch.float32,119,1,16,32,128,128,4,4,8,90.05999999999995
gfx950,torch.bfloat16,torch.float32,120,1,16,32,128,128,4,4,8,89.18000000000029
gfx950,torch.bfloat16,torch.float32,121,1,16,32,128,128,4,4,8,91.38000000000011
gfx950,torch.bfloat16,torch.float32,122,1,16,32,128,128,4,4,8,91.28049999999985
gfx950,torch.bfloat16,torch.float32,123,1,16,32,128,128,8,2,8,92.51999999999953
gfx950,torch.bfloat16,torch.float32,124,1,16,32,128,128,4,4,8,92.76000000000022
gfx950,torch.bfloat16,torch.float32,125,1,16,32,128,128,4,4,8,93.76050000000032
gfx950,torch.bfloat16,torch.float32,126,1,16,32,128,128,4,4,8,93.5005000000001
gfx950,torch.bfloat16,torch.float32,127,1,16,32,128,128,4,4,8,95.03999999999951
gfx950,torch.bfloat16,torch.float32,128,1,16,32,128,128,4,4,8,95.12100000000055
gfx950,torch.bfloat16,torch.float32,1,1,16,64,128,128,8,4,16,6.118999999999687
gfx950,torch.bfloat16,torch.float32,2,1,16,64,128,128,8,4,16,8.059499999999389
gfx950,torch.bfloat16,torch.float32,3,1,16,64,128,128,8,4,16,9.759000000000015
gfx950,torch.bfloat16,torch.float32,4,1,16,64,128,128,8,4,16,11.03899999999976
gfx950,torch.bfloat16,torch.float32,5,1,16,64,128,128,4,4,8,12.899000000000342
gfx950,torch.bfloat16,torch.float32,6,1,16,64,128,128,4,4,8,14.238999999999578
gfx950,torch.bfloat16,torch.float32,7,1,16,64,128,128,4,4,8,15.719499999999243
gfx950,torch.bfloat16,torch.float32,8,1,16,64,128,128,2,4,16,17.41900000000078
gfx950,torch.bfloat16,torch.float32,9,1,16,64,128,128,8,4,16,19.119000000000597
gfx950,torch.bfloat16,torch.float32,10,1,16,64,128,128,8,4,16,20.47899999999936
gfx950,torch.bfloat16,torch.float32,11,1,16,64,128,128,8,4,16,21.85899999999947
gfx950,torch.bfloat16,torch.float32,12,1,16,64,128,128,8,4,16,23.279500000000553
gfx950,torch.bfloat16,torch.float32,13,1,16,64,128,128,4,4,8,24.55999999999949
gfx950,torch.bfloat16,torch.float32,14,1,16,64,128,128,4,4,8,25.899500000000444
gfx950,torch.bfloat16,torch.float32,15,1,16,64,128,128,4,4,8,27.179000000000087
gfx950,torch.bfloat16,torch.float32,16,1,16,64,128,128,8,2,8,28.519999999999527
gfx950,torch.bfloat16,torch.float32,17,1,16,64,128,128,4,4,8,30.099499999999352
gfx950,torch.bfloat16,torch.float32,18,1,16,64,128,128,8,2,8,31.459500000000844
gfx950,torch.bfloat16,torch.float32,19,1,16,64,128,128,8,2,8,32.839999999999236
gfx950,torch.bfloat16,torch.float32,20,1,16,64,128,128,4,4,8,34.259500000000116
gfx950,torch.bfloat16,torch.float32,21,1,16,64,128,128,4,4,8,35.55899999999929
gfx950,torch.bfloat16,torch.float32,22,1,16,64,128,128,8,2,8,36.97950000000037
gfx950,torch.bfloat16,torch.float32,23,1,16,64,128,128,8,2,8,38.27949999999964
gfx950,torch.bfloat16,torch.float32,24,1,16,64,128,128,8,2,8,39.759000000000015
gfx950,torch.bfloat16,torch.float32,25,1,16,64,128,128,8,2,8,41.09900000000016
gfx950,torch.bfloat16,torch.float32,26,1,16,64,128,128,8,2,8,42.41949999999997
gfx950,torch.bfloat16,torch.float32,27,1,16,64,128,128,8,2,8,43.818999999999505
gfx950,torch.bfloat16,torch.float32,28,1,16,64,128,128,8,2,8,45.29999999999927
gfx950,torch.bfloat16,torch.float32,29,1,16,64,128,128,8,2,8,46.37950000000001
gfx950,torch.bfloat16,torch.float32,30,1,16,64,128,128,8,2,8,47.779999999999745
gfx950,torch.bfloat16,torch.float32,31,1,16,64,128,128,8,2,8,48.9994999999999
gfx950,torch.bfloat16,torch.float32,32,1,16,64,128,128,4,4,8,50.23949999999968
gfx950,torch.bfloat16,torch.float32,33,1,16,64,128,128,4,4,8,51.720000000000255
gfx950,torch.bfloat16,torch.float32,34,1,16,64,128,128,4,4,8,53.439000000000306
gfx950,torch.bfloat16,torch.float32,35,1,16,64,128,128,4,4,8,54.71950000000015
gfx950,torch.bfloat16,torch.float32,36,1,16,64,128,128,8,2,8,56.19999999999982
gfx950,torch.bfloat16,torch.float32,37,1,16,64,128,128,4,4,8,57.71950000000015
gfx950,torch.bfloat16,torch.float32,38,1,16,64,128,128,8,2,8,58.95899999999983
gfx950,torch.bfloat16,torch.float32,39,1,16,64,128,128,8,2,8,60.339500000000044
gfx950,torch.bfloat16,torch.float32,40,1,16,64,128,128,4,4,8,61.80000000000109
gfx950,torch.bfloat16,torch.float32,41,1,16,64,128,128,4,4,8,63.11999999999989
gfx950,torch.bfloat16,torch.float32,42,1,16,64,128,128,4,4,8,64.61949999999979
gfx950,torch.bfloat16,torch.float32,43,1,16,64,128,128,4,4,8,65.8789999999999
gfx950,torch.bfloat16,torch.float32,44,1,16,64,128,128,8,2,8,67.60000000000036
gfx950,torch.bfloat16,torch.float32,45,1,16,64,128,128,4,4,8,69.03949999999986
gfx950,torch.bfloat16,torch.float32,46,1,16,64,128,128,4,4,8,70.89950000000044
gfx950,torch.bfloat16,torch.float32,47,1,16,64,128,128,4,4,8,71.4994999999999
gfx950,torch.bfloat16,torch.float32,48,1,16,64,128,128,4,4,8,73.26000000000022
gfx950,torch.bfloat16,torch.float32,49,1,16,64,128,128,4,4,8,74.71999999999935
gfx950,torch.bfloat16,torch.float32,50,1,16,64,128,128,4,4,8,76.19950000000063
gfx950,torch.bfloat16,torch.float32,51,1,16,64,128,128,4,4,8,77.64000000000033
gfx950,torch.bfloat16,torch.float32,52,1,16,64,128,128,4,4,8,79.25999999999931
gfx950,torch.bfloat16,torch.float32,53,1,16,64,128,128,4,4,8,80.34000000000015
gfx950,torch.bfloat16,torch.float32,54,1,16,64,128,128,8,2,8,81.5600000000004
gfx950,torch.bfloat16,torch.float32,55,1,16,64,128,128,4,4,8,83.53999999999905
gfx950,torch.bfloat16,torch.float32,56,1,16,64,128,128,4,4,8,84.15999999999985
gfx950,torch.bfloat16,torch.float32,57,1,16,64,128,128,4,4,8,85.38000000000011
gfx950,torch.bfloat16,torch.float32,58,1,16,64,128,128,4,4,8,87.0
gfx950,torch.bfloat16,torch.float32,59,1,16,64,128,128,4,4,8,89.19999999999982
gfx950,torch.bfloat16,torch.float32,60,1,16,64,128,128,4,4,8,89.48000000000047
gfx950,torch.bfloat16,torch.float32,61,1,16,64,128,128,4,4,8,90.70049999999992
gfx950,torch.bfloat16,torch.float32,62,1,16,64,128,128,4,4,8,91.89999999999964
gfx950,torch.bfloat16,torch.float32,63,1,16,64,128,128,4,4,8,93.28049999999985
gfx950,torch.bfloat16,torch.float32,64,1,16,64,128,128,4,4,8,94.68000000000029
gfx950,torch.bfloat16,torch.float32,65,1,16,64,128,128,4,4,8,96.15999999999985
gfx950,torch.bfloat16,torch.float32,66,1,16,64,128,128,4,4,8,98.52049999999963
gfx950,torch.bfloat16,torch.float32,67,1,16,64,128,128,4,4,8,100.98050000000057
gfx950,torch.bfloat16,torch.float32,68,1,16,64,128,128,4,4,8,101.60000000000036
gfx950,torch.bfloat16,torch.float32,69,1,16,64,128,128,4,4,8,103.52099999999973
gfx950,torch.bfloat16,torch.float32,70,1,16,64,128,128,8,2,8,105.1200000000008
gfx950,torch.bfloat16,torch.float32,71,1,16,64,128,128,4,4,8,106.78000000000065
gfx950,torch.bfloat16,torch.float32,72,1,16,64,128,128,4,4,8,107.90050000000065
gfx950,torch.bfloat16,torch.float32,73,1,16,64,128,128,4,4,8,109.83999999999924
gfx950,torch.bfloat16,torch.float32,74,1,16,64,128,128,8,2,8,111.02049999999872
gfx950,torch.bfloat16,torch.float32,75,1,16,64,128,128,4,4,8,111.58100000000013
gfx950,torch.bfloat16,torch.float32,76,1,16,64,128,128,4,4,8,113.61999999999989
gfx950,torch.bfloat16,torch.float32,77,1,16,64,128,128,4,4,8,115.44100000000162
gfx950,torch.bfloat16,torch.float32,78,1,16,64,128,128,4,4,8,115.60000000000036
gfx950,torch.bfloat16,torch.float32,79,1,16,64,128,128,4,4,8,118.0610000000006
gfx950,torch.bfloat16,torch.float32,80,1,16,64,128,128,4,4,8,119.20000000000073
gfx950,torch.bfloat16,torch.float32,81,1,16,64,128,128,4,4,8,119.55999999999949
gfx950,torch.bfloat16,torch.float32,82,1,16,64,128,128,4,4,8,121.94050000000061
gfx950,torch.bfloat16,torch.float32,83,1,16,64,128,128,4,4,8,124.04100000000108
gfx950,torch.bfloat16,torch.float32,84,1,16,64,128,128,4,4,8,124.76100000000042
gfx950,torch.bfloat16,torch.float32,85,1,16,64,128,128,4,4,8,127.28049999999985
gfx950,torch.bfloat16,torch.float32,86,1,16,64,128,128,4,4,8,128.80049999999937
gfx950,torch.bfloat16,torch.float32,87,1,16,64,128,128,4,4,8,129.34100000000035
gfx950,torch.bfloat16,torch.float32,88,1,16,64,128,128,4,4,8,131.18099999999959
gfx950,torch.bfloat16,torch.float32,89,1,16,64,128,128,8,2,8,132.76100000000042
gfx950,torch.bfloat16,torch.float32,90,1,16,64,128,128,8,2,8,134.96100000000024
gfx950,torch.bfloat16,torch.float32,91,1,16,64,128,128,4,4,8,135.14100000000053
gfx950,torch.bfloat16,torch.float32,92,1,16,64,128,128,4,4,8,136.14100000000053
gfx950,torch.bfloat16,torch.float32,93,1,16,64,128,128,4,4,8,138.30099999999948
gfx950,torch.bfloat16,torch.float32,94,1,16,64,128,128,4,4,8,139.90100000000075
gfx950,torch.bfloat16,torch.float32,95,1,16,64,128,128,4,4,8,142.02050000000145
gfx950,torch.bfloat16,torch.float32,96,1,16,64,128,128,4,4,8,142.26100000000042
gfx950,torch.bfloat16,torch.float32,97,1,16,64,128,128,4,4,8,143.5609999999997
gfx950,torch.bfloat16,torch.float32,98,1,16,64,128,128,4,4,8,145.84050000000025
gfx950,torch.bfloat16,torch.float32,99,1,16,64,128,128,4,4,8,146.64050000000134
gfx950,torch.bfloat16,torch.float32,100,1,16,64,128,128,4,4,8,149.16100000000006
gfx950,torch.bfloat16,torch.float32,101,1,16,64,128,128,8,2,8,149.98050000000057
gfx950,torch.bfloat16,torch.float32,102,1,16,64,128,128,4,4,8,152.02099999999973
gfx950,torch.bfloat16,torch.float32,103,1,16,64,128,128,8,2,8,152.92049999999927
gfx950,torch.bfloat16,torch.float32,104,1,16,64,128,128,8,2,8,154.72050000000036
gfx950,torch.bfloat16,torch.float32,105,1,16,64,128,128,4,4,8,155.38100000000122
gfx950,torch.bfloat16,torch.float32,106,1,16,64,128,128,4,4,8,157.08100000000104
gfx950,torch.bfloat16,torch.float32,107,1,16,64,128,128,4,4,8,159.16100000000006
gfx950,torch.bfloat16,torch.float32,108,1,16,64,128,128,4,4,8,159.98050000000057
gfx950,torch.bfloat16,torch.float32,109,1,16,64,128,128,4,4,8,162.26100000000042
gfx950,torch.bfloat16,torch.float32,110,1,16,64,128,128,4,4,8,164.04099999999926
gfx950,torch.bfloat16,torch.float32,111,1,16,64,128,128,4,4,8,164.1810000000005
gfx950,torch.bfloat16,torch.float32,112,1,16,64,128,128,4,4,8,165.52099999999882
gfx950,torch.bfloat16,torch.float32,113,1,16,64,128,128,8,2,8,167.42099999999846
gfx950,torch.bfloat16,torch.float32,114,1,16,64,128,128,4,4,8,168.90100000000075
gfx950,torch.bfloat16,torch.float32,115,1,16,64,128,128,4,4,8,170.0010000000002
gfx950,torch.bfloat16,torch.float32,116,1,16,64,128,128,4,4,8,171.86099999999988
gfx950,torch.bfloat16,torch.float32,117,1,16,64,128,128,4,4,8,173.78099999999904
gfx950,torch.bfloat16,torch.float32,118,1,16,64,128,128,4,4,8,175.46099999999933
gfx950,torch.bfloat16,torch.float32,119,1,16,64,128,128,4,4,8,176.46099999999933
gfx950,torch.bfloat16,torch.float32,120,1,16,64,128,128,4,4,8,177.98100000000068
gfx950,torch.bfloat16,torch.float32,121,1,16,64,128,128,4,4,8,179.66100000000006
gfx950,torch.bfloat16,torch.float32,122,1,16,64,128,128,8,2,8,180.42149999999947
gfx950,torch.bfloat16,torch.float32,123,1,16,64,128,128,4,4,8,181.96100000000115
gfx950,torch.bfloat16,torch.float32,124,1,16,64,128,128,4,4,8,184.6815000000006
gfx950,torch.bfloat16,torch.float32,125,1,16,64,128,128,4,4,8,185.84100000000217
gfx950,torch.bfloat16,torch.float32,126,1,16,64,128,128,4,4,8,186.72100000000137
gfx950,torch.bfloat16,torch.float32,127,1,16,64,128,128,4,4,8,188.46100000000024
gfx950,torch.bfloat16,torch.float32,128,1,16,64,128,128,4,4,8,189.42100000000028
